solver,length_m,rho_ohm_m,frequency_hz,z_real_ohm,z_imag_ohm,z_magnitude_ohm,z_phase_deg
mHEM,3,100,1.0000000000000000e+01,3.0817313467923693e+01,-9.6957013191972009e-03,3.0817314993147846e+01,-1.8026319758800188e-02
mHEM,3,100,1.3335214321633240e+01,3.0815802202802409e+01,-1.1184233317121754e-02,3.0815804232395376e+01,-2.0794829023328468e-02
mHEM,3,100,1.7782794100389228e+01,3.0814057026758473e+01,-1.2899082463384445e-02,3.0814059726602913e+01,-2.3984603550631183e-02
mHEM,3,100,2.3713737056616552e+01,3.0812041737647682e+01,-1.4873943291357094e-02,3.0812045327707992e+01,-2.7658475746946194e-02
mHEM,3,100,3.1622776601683793e+01,3.0809714531514089e+01,-1.7147268591288789e-02,3.0809719303203828e+01,-3.1888189616713025e-02
mHEM,3,100,4.2169650342858226e+01,3.0807027136504100e+01,-1.9762846239394536e-02,3.0807033475480750e+01,-3.6755494788181735e-02
mHEM,3,100,5.6234132519034908e+01,3.0803923813084154e+01,-2.2770419666614077e-02,3.0803932229088947e+01,-4.2353328586469688e-02
mHEM,3,100,7.4989420933245583e+01,3.0800340200299011e+01,-2.6226375436968676e-02,3.0800351366127689e+01,-4.8787131944843048e-02
mHEM,3,100,1.0000000000000000e+02,3.0796201984475957e+01,-3.0194472610026828e-02,3.0796216786722635e+01,-5.6176254841212914e-02
mHEM,3,100,1.3335214321633239e+02,3.0791423364047077e+01,-3.4746346232241189e-02,3.0791442968665187e+01,-6.4654956805551181e-02
mHEM,3,100,1.7782794100389228e+02,3.0785905278900124e+01,-3.9962259473275204e-02,3.0785931215793891e+01,-7.4373889637613724e-02
mHEM,3,100,2.3713737056616552e+02,3.0779533370361399e+01,-4.5931506237599729e-02,3.0779567641545199e+01,-8.5500955097265477e-02
mHEM,3,100,3.1622776601683796e+02,3.0772175631540058e+01,-5.2752750652125362e-02,3.0772220848535603e+01,-9.8222077158025708e-02
mHEM,3,100,4.2169650342858228e+02,3.0763679704261509e+01,-6.0533949860015222e-02,3.0763739260783581e+01,-1.1274123906048400e-01
mHEM,3,100,5.6234132519034904e+02,3.0753869772758929e+01,-6.9391859910848092e-02,3.0753948059233586e+01,-1.2927979430209402e-01
mHEM,3,100,7.4989420933245583e+02,3.0742543000462348e+01,-7.9450761241714504e-02,3.0742645666219723e+01,-1.4807438549911753e-01
mHEM,3,100,1.0000000000000000e+03,3.0729465451881044e+01,-9.0840146332269431e-02,3.0729599719009297e+01,-1.6937300268123182e-01
mHEM,3,100,1.3335214321633241e+03,3.0714367439703455e+01,-1.0369092022109722e-01,3.0714542468154267e+01,-1.9342835381043968e-01
mHEM,3,100,1.7782794100389228e+03,3.0696938239091640e+01,-1.1812948776560034e-01,3.0697165534141526e+01,-2.2048738613088364e-01
mHEM,3,100,2.3713737056616551e+03,3.0676820118493605e+01,-1.3426894606490594e-01,3.0677113957024890e+01,-2.5077549675901056e-01
mHEM,3,100,3.1622776601683795e+03,3.0653601654605705e+01,-1.5219628710742056e-01,3.0653979482426990e+01,-2.8447336637523513e-01
mHEM,3,100,4.2169650342858222e+03,3.0626810334221833e+01,-1.7195414740138501e-01,3.0627293048475664e+01,-3.2168362580245574e-01
mHEM,3,100,5.6234132519034911e+03,3.0595904507921936e+01,-1.9351518961507458e-01,3.0596516481235074e+01,-3.6238365784414955e-01
mHEM,3,100,7.4989420933245583e+03,3.0560264866939093e+01,-2.1674654464686569e-01,3.0561033487139930e+01,-4.0635950187189490e-01
mHEM,3,100,1.0000000000000000e+04,3.0519185789864526e+01,-2.4136094404857714e-01,3.0520140176309493e+01,-4.5311415682754480e-01
mHEM,3,100,1.3335214321633241e+04,3.0471867190315070e+01,-2.6685011946141224e-01,3.0473035606097017e+01,-5.0174131714330905e-01
mHEM,3,100,1.7782794100389227e+04,3.0417407952416411e+01,-2.9239470144934482e-01,3.0418813277397277e+01,-5.5075259473512095e-01
mHEM,3,100,2.3713737056616552e+04,3.0354802764247612e+01,-3.1674315758416011e-01,3.0356455278642972e+01,-5.9784237876949453e-01
mHEM,3,100,3.1622776601683792e+04,3.0282945300737438e+01,-3.3805019072449982e-01,3.0284832078433332e+01,-6.3956938527391793e-01
mHEM,3,100,4.2169650342858222e+04,3.0200642499239390e+01,-3.5366243704934353e-01,3.0202713197430526e+01,-6.7092740910232651e-01
mHEM,3,100,5.6234132519034909e+04,3.0106647473835334e+01,-3.5983622360455214e-01,3.0108797787716689e+01,-6.8476954474639729e-01
mHEM,3,100,7.4989420933245579e+04,2.9999722984606827e+01,-3.5136862226968624e-01,3.0001780598188883e+01,-6.7104015019055918e-01
mHEM,3,100,1.0000000000000000e+05,2.9878754172978311e+01,-3.2111925596005275e-01,2.9880479723488666e+01,-6.1575759265343644e-01
mHEM,3,100,1.3335214321633239e+05,2.9742939811854750e+01,-2.5939670401854786e-01,2.9744070926853137e+01,-4.9968024872932099e-01
mHEM,3,100,1.7782794100389228e+05,2.9592107625999216e+01,-1.5318078251522182e-01,2.9592504086353571e+01,-2.9658360474005613e-01
mHEM,3,100,2.3713737056616554e+05,2.9427224439792980e+01,1.4847960193449805e-02,2.9427228185676462e+01,2.8909467252310719e-02
mHEM,3,100,3.1622776601683791e+05,2.9251210886129851e+01,2.6749468622026229e-01,2.9252433945092459e+01,5.2394033929861172e-01
mHEM,3,100,4.2169650342858228e+05,2.9070230970666536e+01,6.3446000047242845e-01,2.9077153715246947e+01,1.2502862500302074e+00
mHEM,3,100,5.6234132519034913e+05,2.8895721993559441e+01,1.1539457727904314e+00,2.8918754129035637e+01,2.2868820857393795e+00
mHEM,3,100,7.4989420933245588e+05,2.8747583516405378e+01,1.8743610069985017e+00,2.8808623487026566e+01,3.7304416080677734e+00
mHEM,3,100,1.0000000000000000e+06,2.8659200277695497e+01,2.8558966707213038e+00,2.8801144184752431e+01,5.6907520526772322e+00
