time_s,quantity,id,value
0.00000000E+00,injectedCurrent,Ttop,0.00000000E+00
0.00000000E+00,voltage,Ttop,7.59652398E+02
0.00000000E+00,voltage,ch-base,7.59652398E+02
0.00000000E+00,i1,ch_e1,-4.18100002E+00
0.00000000E+00,i2,ch_e1,-1.18692915E+01
0.00000000E+00,i1,Tower_e1,1.64505509E+01
0.00000000E+00,i2,Tower_e1,-1.84119004E+01
2.50000000E-07,injectedCurrent,Ttop,2.50000000E+05
2.50000000E-07,voltage,Ttop,5.22770959E+04
2.50000000E-07,voltage,ch-base,-1.97722904E+05
2.50000000E-07,i1,ch_e1,-2.51547468E+02
2.50000000E-07,i2,ch_e1,1.95478299E+02
2.50000000E-07,i1,Tower_e1,-1.15328385E+02
2.50000000E-07,i2,Tower_e1,1.39801568E+02
5.00000000E-07,injectedCurrent,Ttop,5.00000000E+05
5.00000000E-07,voltage,Ttop,1.00571162E+05
5.00000000E-07,voltage,ch-base,-3.99428838E+05
5.00000000E-07,i1,ch_e1,-4.49385555E+02
5.00000000E-07,i2,ch_e1,4.18767028E+02
5.00000000E-07,i1,Tower_e1,-3.23487023E+02
5.00000000E-07,i2,Tower_e1,3.52673274E+02
7.50000000E-07,injectedCurrent,Ttop,7.50000000E+05
7.50000000E-07,voltage,Ttop,1.61703196E+05
7.50000000E-07,voltage,ch-base,-5.88296804E+05
7.50000000E-07,i1,ch_e1,-6.39619705E+02
7.50000000E-07,i2,ch_e1,5.87441298E+02
7.50000000E-07,i1,Tower_e1,-4.84172620E+02
7.50000000E-07,i2,Tower_e1,5.12327041E+02
1.00000000E-06,injectedCurrent,Ttop,1.00000000E+06
1.00000000E-06,voltage,Ttop,2.14266566E+05
1.00000000E-06,voltage,ch-base,-7.85733434E+05
1.00000000E-06,i1,ch_e1,-8.12762332E+02
1.00000000E-06,i2,ch_e1,7.93586088E+02
1.00000000E-06,i1,Tower_e1,-7.01876317E+02
1.00000000E-06,i2,Tower_e1,7.32807374E+02
1.25000000E-06,injectedCurrent,Ttop,1.00000000E+06
1.25000000E-06,voltage,Ttop,2.20225014E+05
1.25000000E-06,voltage,ch-base,-7.79774986E+05
1.25000000E-06,i1,ch_e1,-7.43100118E+02
1.25000000E-06,i2,ch_e1,7.52754803E+02
1.25000000E-06,i1,Tower_e1,-7.34474054E+02
1.25000000E-06,i2,Tower_e1,7.37638487E+02
1.50000000E-06,injectedCurrent,Ttop,1.00000000E+06
1.50000000E-06,voltage,Ttop,2.23837403E+05
1.50000000E-06,voltage,ch-base,-7.76162597E+05
1.50000000E-06,i1,ch_e1,-7.15624343E+02
1.50000000E-06,i2,ch_e1,7.12046797E+02
1.50000000E-06,i1,Tower_e1,-7.15319075E+02
1.50000000E-06,i2,Tower_e1,7.14260473E+02
1.75000000E-06,injectedCurrent,Ttop,1.00000000E+06
1.75000000E-06,voltage,Ttop,2.18219882E+05
1.75000000E-06,voltage,ch-base,-7.81780118E+05
1.75000000E-06,i1,ch_e1,-6.98119870E+02
1.75000000E-06,i2,ch_e1,6.99924263E+02
1.75000000E-06,i1,Tower_e1,-7.06472809E+02
1.75000000E-06,i2,Tower_e1,7.04463300E+02
2.00000000E-06,injectedCurrent,Ttop,1.00000000E+06
2.00000000E-06,voltage,Ttop,2.15023198E+05
2.00000000E-06,voltage,ch-base,-7.84976802E+05
2.00000000E-06,i1,ch_e1,-6.84926189E+02
2.00000000E-06,i2,ch_e1,6.83253088E+02
2.00000000E-06,i1,Tower_e1,-6.89708985E+02
2.00000000E-06,i2,Tower_e1,6.87735230E+02
2.25000000E-06,injectedCurrent,Ttop,1.00000000E+06
2.25000000E-06,voltage,Ttop,2.10622963E+05
2.25000000E-06,voltage,ch-base,-7.89377037E+05
2.25000000E-06,i1,ch_e1,-6.73185776E+02
2.25000000E-06,i2,ch_e1,6.73812314E+02
2.25000000E-06,i1,Tower_e1,-6.79908895E+02
2.25000000E-06,i2,Tower_e1,6.78137090E+02
2.50000000E-06,injectedCurrent,Ttop,1.00000000E+06
2.50000000E-06,voltage,Ttop,2.07528254E+05
2.50000000E-06,voltage,ch-base,-7.92471746E+05
2.50000000E-06,i1,ch_e1,-6.63066990E+02
2.50000000E-06,i2,ch_e1,6.62042855E+02
2.50000000E-06,i1,Tower_e1,-6.67765893E+02
2.50000000E-06,i2,Tower_e1,6.66147932E+02
2.75000000E-06,injectedCurrent,Ttop,1.00000000E+06
2.75000000E-06,voltage,Ttop,2.04069669E+05
2.75000000E-06,voltage,ch-base,-7.95930331E+05
2.75000000E-06,i1,ch_e1,-6.52842610E+02
2.75000000E-06,i2,ch_e1,6.53121366E+02
2.75000000E-06,i1,Tower_e1,-6.58259923E+02
2.75000000E-06,i2,Tower_e1,6.56698887E+02
3.00000000E-06,injectedCurrent,Ttop,1.00000000E+06
3.00000000E-06,voltage,Ttop,2.01523271E+05
3.00000000E-06,voltage,ch-base,-7.98476729E+05
3.00000000E-06,i1,ch_e1,-6.45356886E+02
3.00000000E-06,i2,ch_e1,6.44603377E+02
3.00000000E-06,i1,Tower_e1,-6.49483934E+02
3.00000000E-06,i2,Tower_e1,6.48246914E+02
3.25000000E-06,injectedCurrent,Ttop,1.00000000E+06
3.25000000E-06,voltage,Ttop,1.98318154E+05
3.25000000E-06,voltage,ch-base,-8.01681846E+05
3.25000000E-06,i1,ch_e1,-6.34881178E+02
3.25000000E-06,i2,ch_e1,6.34999401E+02
3.25000000E-06,i1,Tower_e1,-6.39891113E+02
3.25000000E-06,i2,Tower_e1,6.38350918E+02
3.50000000E-06,injectedCurrent,Ttop,1.00000000E+06
3.50000000E-06,voltage,Ttop,1.96464201E+05
3.50000000E-06,voltage,ch-base,-8.03535799E+05
3.50000000E-06,i1,ch_e1,-6.29833247E+02
3.50000000E-06,i2,ch_e1,6.29272595E+02
3.50000000E-06,i1,Tower_e1,-6.33137784E+02
3.50000000E-06,i2,Tower_e1,6.32219552E+02
3.75000000E-06,injectedCurrent,Ttop,1.00000000E+06
3.75000000E-06,voltage,Ttop,1.93218614E+05
3.75000000E-06,voltage,ch-base,-8.06781386E+05
3.75000000E-06,i1,ch_e1,-6.19250181E+02
3.75000000E-06,i2,ch_e1,6.19207676E+02
3.75000000E-06,i1,Tower_e1,-6.24238973E+02
3.75000000E-06,i2,Tower_e1,6.22728976E+02
4.00000000E-06,injectedCurrent,Ttop,1.00000000E+06
4.00000000E-06,voltage,Ttop,1.92189709E+05
4.00000000E-06,voltage,ch-base,-8.07810291E+05
4.00000000E-06,i1,ch_e1,-6.16259569E+02
4.00000000E-06,i2,ch_e1,6.15994899E+02
4.00000000E-06,i1,Tower_e1,-6.18323130E+02
4.00000000E-06,i2,Tower_e1,6.17657187E+02
4.25000000E-06,injectedCurrent,Ttop,1.00000000E+06
4.25000000E-06,voltage,Ttop,1.88896087E+05
4.25000000E-06,voltage,ch-base,-8.11103913E+05
4.25000000E-06,i1,ch_e1,-6.06929502E+02
4.25000000E-06,i2,ch_e1,6.06521573E+02
4.25000000E-06,i1,Tower_e1,-6.12028510E+02
4.25000000E-06,i2,Tower_e1,6.10738576E+02
4.50000000E-06,injectedCurrent,Ttop,1.00000000E+06
4.50000000E-06,voltage,Ttop,1.88007691E+05
4.50000000E-06,voltage,ch-base,-8.11992309E+05
4.50000000E-06,i1,ch_e1,-6.01663203E+02
4.50000000E-06,i2,ch_e1,6.01967142E+02
4.50000000E-06,i1,Tower_e1,-6.03448729E+02
4.50000000E-06,i2,Tower_e1,6.02533956E+02
4.75000000E-06,injectedCurrent,Ttop,1.00000000E+06
4.75000000E-06,voltage,Ttop,1.85916808E+05
4.75000000E-06,voltage,ch-base,-8.14083192E+05
4.75000000E-06,i1,ch_e1,-5.99759424E+02
4.75000000E-06,i2,ch_e1,5.98657588E+02
4.75000000E-06,i1,Tower_e1,-6.02882981E+02
4.75000000E-06,i2,Tower_e1,6.02433581E+02
5.00000000E-06,injectedCurrent,Ttop,1.00000000E+06
5.00000000E-06,voltage,Ttop,1.82943633E+05
5.00000000E-06,voltage,ch-base,-8.17056367E+05
5.00000000E-06,i1,ch_e1,-5.84063429E+02
5.00000000E-06,i2,ch_e1,5.85504927E+02
5.00000000E-06,i1,Tower_e1,-5.90096719E+02
5.00000000E-06,i2,Tower_e1,5.88261474E+02
5.25000000E-06,injectedCurrent,Ttop,9.83333333E+05
5.25000000E-06,voltage,Ttop,1.80145077E+05
5.25000000E-06,voltage,ch-base,-8.03188256E+05
5.25000000E-06,i1,ch_e1,-5.74860492E+02
5.25000000E-06,i2,ch_e1,5.78024282E+02
5.25000000E-06,i1,Tower_e1,-5.83254513E+02
5.25000000E-06,i2,Tower_e1,5.82060422E+02
5.50000000E-06,injectedCurrent,Ttop,9.66666667E+05
5.50000000E-06,voltage,Ttop,1.72541152E+05
5.50000000E-06,voltage,ch-base,-7.94125515E+05
5.50000000E-06,i1,ch_e1,-5.46742413E+02
5.50000000E-06,i2,ch_e1,5.48667452E+02
5.50000000E-06,i1,Tower_e1,-5.62055417E+02
5.50000000E-06,i2,Tower_e1,5.58455322E+02
5.75000000E-06,injectedCurrent,Ttop,9.50000000E+05
5.75000000E-06,voltage,Ttop,1.68203638E+05
5.75000000E-06,voltage,ch-base,-7.81796362E+05
5.75000000E-06,i1,ch_e1,-5.28275370E+02
5.75000000E-06,i2,ch_e1,5.31581101E+02
5.75000000E-06,i1,Tower_e1,-5.39498295E+02
5.75000000E-06,i2,Tower_e1,5.36494620E+02
6.00000000E-06,injectedCurrent,Ttop,9.33333333E+05
6.00000000E-06,voltage,Ttop,1.63961298E+05
6.00000000E-06,voltage,ch-base,-7.69372036E+05
6.00000000E-06,i1,ch_e1,-5.22806833E+02
6.00000000E-06,i2,ch_e1,5.24728146E+02
6.00000000E-06,i1,Tower_e1,-5.32075769E+02
6.00000000E-06,i2,Tower_e1,5.30623541E+02
6.25000000E-06,injectedCurrent,Ttop,9.16666667E+05
6.25000000E-06,voltage,Ttop,1.56530236E+05
6.25000000E-06,voltage,ch-base,-7.60136430E+05
6.25000000E-06,i1,ch_e1,-4.93866970E+02
6.25000000E-06,i2,ch_e1,4.96591271E+02
6.25000000E-06,i1,Tower_e1,-5.09538600E+02
6.25000000E-06,i2,Tower_e1,5.05814159E+02
6.50000000E-06,injectedCurrent,Ttop,9.00000000E+05
6.50000000E-06,voltage,Ttop,1.52509860E+05
6.50000000E-06,voltage,ch-base,-7.47490140E+05
6.50000000E-06,i1,ch_e1,-4.78847152E+02
6.50000000E-06,i2,ch_e1,4.81525004E+02
6.50000000E-06,i1,Tower_e1,-4.89273535E+02
6.50000000E-06,i2,Tower_e1,4.86566037E+02
6.75000000E-06,injectedCurrent,Ttop,8.83333333E+05
6.75000000E-06,voltage,Ttop,1.48511299E+05
6.75000000E-06,voltage,ch-base,-7.34822035E+05
6.75000000E-06,i1,ch_e1,-4.72971519E+02
6.75000000E-06,i2,ch_e1,4.75533013E+02
6.75000000E-06,i1,Tower_e1,-4.81846065E+02
6.75000000E-06,i2,Tower_e1,4.80412975E+02
7.00000000E-06,injectedCurrent,Ttop,8.66666667E+05
7.00000000E-06,voltage,Ttop,1.42365087E+05
7.00000000E-06,voltage,ch-base,-7.24301580E+05
7.00000000E-06,i1,ch_e1,-4.50059748E+02
7.00000000E-06,i2,ch_e1,4.52383266E+02
7.00000000E-06,i1,Tower_e1,-4.63475051E+02
7.00000000E-06,i2,Tower_e1,4.60443497E+02
7.25000000E-06,injectedCurrent,Ttop,8.50000000E+05
7.25000000E-06,voltage,Ttop,1.37320127E+05
7.25000000E-06,voltage,ch-base,-7.12679873E+05
7.25000000E-06,i1,ch_e1,-4.30626444E+02
7.25000000E-06,i2,ch_e1,4.33445379E+02
7.25000000E-06,i1,Tower_e1,-4.42959806E+02
7.25000000E-06,i2,Tower_e1,4.39962109E+02
7.50000000E-06,injectedCurrent,Ttop,8.33333333E+05
7.50000000E-06,voltage,Ttop,1.33524964E+05
7.50000000E-06,voltage,ch-base,-6.99808370E+05
7.50000000E-06,i1,ch_e1,-4.22197130E+02
7.50000000E-06,i2,ch_e1,4.24744462E+02
7.50000000E-06,i1,Tower_e1,-4.31157749E+02
7.50000000E-06,i2,Tower_e1,4.29324788E+02
7.75000000E-06,injectedCurrent,Ttop,8.16666667E+05
7.75000000E-06,voltage,Ttop,1.29021629E+05
7.75000000E-06,voltage,ch-base,-6.87645037E+05
7.75000000E-06,i1,ch_e1,-4.09003954E+02
7.75000000E-06,i2,ch_e1,4.11652047E+02
7.75000000E-06,i1,Tower_e1,-4.19223674E+02
7.75000000E-06,i2,Tower_e1,4.17189499E+02
8.00000000E-06,injectedCurrent,Ttop,8.00000000E+05
8.00000000E-06,voltage,Ttop,1.24070408E+05
8.00000000E-06,voltage,ch-base,-6.75929592E+05
8.00000000E-06,i1,ch_e1,-3.90999653E+02
8.00000000E-06,i2,ch_e1,3.93497850E+02
8.00000000E-06,i1,Tower_e1,-4.02601523E+02
8.00000000E-06,i2,Tower_e1,4.00005359E+02
8.25000000E-06,injectedCurrent,Ttop,7.83333333E+05
8.25000000E-06,voltage,Ttop,1.19239229E+05
8.25000000E-06,voltage,ch-base,-6.64094104E+05
8.25000000E-06,i1,ch_e1,-3.74776473E+02
8.25000000E-06,i2,ch_e1,3.77405712E+02
8.25000000E-06,i1,Tower_e1,-3.86314388E+02
8.25000000E-06,i2,Tower_e1,3.83773902E+02
8.50000000E-06,injectedCurrent,Ttop,7.66666667E+05
8.50000000E-06,voltage,Ttop,1.14661538E+05
8.50000000E-06,voltage,ch-base,-6.52005129E+05
8.50000000E-06,i1,ch_e1,-3.60282479E+02
8.50000000E-06,i2,ch_e1,3.62848631E+02
8.50000000E-06,i1,Tower_e1,-3.71121883E+02
8.50000000E-06,i2,Tower_e1,3.68741163E+02
8.75000000E-06,injectedCurrent,Ttop,7.50000000E+05
8.75000000E-06,voltage,Ttop,1.10888789E+05
8.75000000E-06,voltage,ch-base,-6.39111211E+05
8.75000000E-06,i1,ch_e1,-3.48986235E+02
8.75000000E-06,i2,ch_e1,3.51834984E+02
8.75000000E-06,i1,Tower_e1,-3.58169519E+02
8.75000000E-06,i2,Tower_e1,3.56183145E+02
9.00000000E-06,injectedCurrent,Ttop,7.33333333E+05
9.00000000E-06,voltage,Ttop,1.07683077E+05
9.00000000E-06,voltage,ch-base,-6.25650256E+05
9.00000000E-06,i1,ch_e1,-3.41104471E+02
9.00000000E-06,i2,ch_e1,3.43777606E+02
9.00000000E-06,i1,Tower_e1,-3.48921347E+02
9.00000000E-06,i2,Tower_e1,3.47448579E+02
9.25000000E-06,injectedCurrent,Ttop,7.16666667E+05
9.25000000E-06,voltage,Ttop,1.02844718E+05
9.25000000E-06,voltage,ch-base,-6.13821948E+05
9.25000000E-06,i1,ch_e1,-3.25446228E+02
9.25000000E-06,i2,ch_e1,3.27882535E+02
9.25000000E-06,i1,Tower_e1,-3.36502039E+02
9.25000000E-06,i2,Tower_e1,3.34348870E+02
9.50000000E-06,injectedCurrent,Ttop,7.00000000E+05
9.50000000E-06,voltage,Ttop,9.65251651E+04
9.50000000E-06,voltage,ch-base,-6.03474835E+05
9.50000000E-06,i1,ch_e1,-3.00390377E+02
9.50000000E-06,i2,ch_e1,3.02755147E+02
9.50000000E-06,i1,Tower_e1,-3.15041187E+02
9.50000000E-06,i2,Tower_e1,3.11648179E+02
9.75000000E-06,injectedCurrent,Ttop,6.83333333E+05
9.75000000E-06,voltage,Ttop,9.17820944E+04
9.75000000E-06,voltage,ch-base,-5.91551239E+05
9.75000000E-06,i1,ch_e1,-2.83113311E+02
9.75000000E-06,i2,ch_e1,2.85926428E+02
9.75000000E-06,i1,Tower_e1,-2.95029305E+02
9.75000000E-06,i2,Tower_e1,2.92102961E+02
1.00000000E-05,injectedCurrent,Ttop,6.66666667E+05
1.00000000E-05,voltage,Ttop,9.03645846E+04
1.00000000E-05,voltage,ch-base,-5.76302082E+05
1.00000000E-05,i1,ch_e1,-2.83820706E+02
1.00000000E-05,i2,ch_e1,2.86954032E+02
1.00000000E-05,i1,Tower_e1,-2.88433521E+02
1.00000000E-05,i2,Tower_e1,2.87564056E+02
1.02500000E-05,injectedCurrent,Ttop,6.50000000E+05
1.02500000E-05,voltage,Ttop,8.94609096E+04
1.02500000E-05,voltage,ch-base,-5.60539090E+05
1.02500000E-05,i1,ch_e1,-2.87608988E+02
1.02500000E-05,i2,ch_e1,2.90483555E+02
1.02500000E-05,i1,Tower_e1,-2.90469021E+02
1.02500000E-05,i2,Tower_e1,2.90580381E+02
1.05000000E-05,injectedCurrent,Ttop,6.33333333E+05
1.05000000E-05,voltage,Ttop,8.42424723E+04
1.05000000E-05,voltage,ch-base,-5.49090861E+05
1.05000000E-05,i1,ch_e1,-2.68703443E+02
1.05000000E-05,i2,ch_e1,2.70886348E+02
1.05000000E-05,i1,Tower_e1,-2.80168448E+02
1.05000000E-05,i2,Tower_e1,2.78145550E+02
1.07500000E-05,injectedCurrent,Ttop,6.16666667E+05
1.07500000E-05,voltage,Ttop,7.50394562E+04
1.07500000E-05,voltage,ch-base,-5.41627210E+05
1.07500000E-05,i1,ch_e1,-2.29154407E+02
1.07500000E-05,i2,ch_e1,2.31152760E+02
1.07500000E-05,i1,Tower_e1,-2.49440222E+02
1.07500000E-05,i2,Tower_e1,2.44573585E+02
1.10000000E-05,injectedCurrent,Ttop,6.00000000E+05
1.10000000E-05,voltage,Ttop,6.71983601E+04
1.10000000E-05,voltage,ch-base,-5.32801640E+05
1.10000000E-05,i1,ch_e1,-1.99349873E+02
1.10000000E-05,i2,ch_e1,2.01879272E+02
1.10000000E-05,i1,Tower_e1,-2.17148512E+02
1.10000000E-05,i2,Tower_e1,2.12452615E+02
1.12500000E-05,injectedCurrent,Ttop,5.83333333E+05
1.12500000E-05,voltage,Ttop,6.54514498E+04
1.12500000E-05,voltage,ch-base,-5.17881884E+05
1.12500000E-05,i1,ch_e1,-2.01728902E+02
1.12500000E-05,i2,ch_e1,2.05154617E+02
1.12500000E-05,i1,Tower_e1,-2.06493448E+02
1.12500000E-05,i2,Tower_e1,2.05244215E+02
1.15000000E-05,injectedCurrent,Ttop,5.66666667E+05
1.15000000E-05,voltage,Ttop,6.86476573E+04
1.15000000E-05,voltage,ch-base,-4.98019009E+05
1.15000000E-05,i1,ch_e1,-2.26808984E+02
1.15000000E-05,i2,ch_e1,2.30509286E+02
1.15000000E-05,i1,Tower_e1,-2.20740804E+02
1.15000000E-05,i2,Tower_e1,2.22974645E+02
1.17500000E-05,injectedCurrent,Ttop,5.50000000E+05
1.17500000E-05,voltage,Ttop,6.96226876E+04
1.17500000E-05,voltage,ch-base,-4.80377312E+05
1.17500000E-05,i1,ch_e1,-2.36863735E+02
1.17500000E-05,i2,ch_e1,2.39809943E+02
1.17500000E-05,i1,Tower_e1,-2.34959889E+02
1.17500000E-05,i2,Tower_e1,2.36677279E+02
1.20000000E-05,injectedCurrent,Ttop,5.33333333E+05
1.20000000E-05,voltage,Ttop,6.24723268E+04
1.20000000E-05,voltage,ch-base,-4.70861007E+05
1.20000000E-05,i1,ch_e1,-2.04529822E+02
1.20000000E-05,i2,ch_e1,2.06370758E+02
1.20000000E-05,i1,Tower_e1,-2.19753072E+02
1.20000000E-05,i2,Tower_e1,2.16834497E+02
1.22500000E-05,injectedCurrent,Ttop,5.16666667E+05
1.22500000E-05,voltage,Ttop,4.80878622E+04
1.22500000E-05,voltage,ch-base,-4.68578804E+05
1.22500000E-05,i1,ch_e1,-1.40685321E+02
1.22500000E-05,i2,ch_e1,1.41836476E+02
1.22500000E-05,i1,Tower_e1,-1.71420289E+02
1.22500000E-05,i2,Tower_e1,1.63756612E+02
1.25000000E-05,injectedCurrent,Ttop,5.00000000E+05
1.25000000E-05,voltage,Ttop,3.28300122E+04
1.25000000E-05,voltage,ch-base,-4.67169988E+05
1.25000000E-05,i1,ch_e1,-8.01559822E+01
1.25000000E-05,i2,ch_e1,8.16584512E+01
1.25000000E-05,i1,Tower_e1,-1.12912571E+02
1.25000000E-05,i2,Tower_e1,1.04109939E+02
1.27500000E-05,injectedCurrent,Ttop,4.83333333E+05
1.27500000E-05,voltage,Ttop,2.45367511E+04
1.27500000E-05,voltage,ch-base,-4.58796582E+05
1.27500000E-05,i1,ch_e1,-5.68438928E+01
1.27500000E-05,i2,ch_e1,5.95772153E+01
1.27500000E-05,i1,Tower_e1,-7.51897872E+01
1.27500000E-05,i2,Tower_e1,6.99125064E+01
1.30000000E-05,injectedCurrent,Ttop,4.66666667E+05
1.30000000E-05,voltage,Ttop,2.69669768E+04
1.30000000E-05,voltage,ch-base,-4.39699690E+05
1.30000000E-05,i1,ch_e1,-8.26207082E+01
1.30000000E-05,i2,ch_e1,8.67527099E+01
1.30000000E-05,i1,Tower_e1,-7.86631660E+01
1.30000000E-05,i2,Tower_e1,7.96626953E+01
1.32500000E-05,injectedCurrent,Ttop,4.50000000E+05
1.32500000E-05,voltage,Ttop,3.63097966E+04
1.32500000E-05,voltage,ch-base,-4.13690203E+05
1.32500000E-05,i1,ch_e1,-1.34109287E+02
1.32500000E-05,i2,ch_e1,1.38699898E+02
1.32500000E-05,i1,Tower_e1,-1.15319585E+02
1.32500000E-05,i2,Tower_e1,1.20990033E+02
1.35000000E-05,injectedCurrent,Ttop,4.33333333E+05
1.35000000E-05,voltage,Ttop,4.35555492E+04
1.35000000E-05,voltage,ch-base,-3.89777784E+05
1.35000000E-05,i1,ch_e1,-1.67713494E+02
1.35000000E-05,i2,ch_e1,1.71667157E+02
1.35000000E-05,i1,Tower_e1,-1.52577226E+02
1.35000000E-05,i2,Tower_e1,1.57845895E+02
1.37500000E-05,injectedCurrent,Ttop,4.16666667E+05
1.37500000E-05,voltage,Ttop,4.03085759E+04
1.37500000E-05,voltage,ch-base,-3.76358091E+05
1.37500000E-05,i1,ch_e1,-1.50003941E+02
1.37500000E-05,i2,ch_e1,1.52313501E+02
1.37500000E-05,i1,Tower_e1,-1.55488937E+02
1.37500000E-05,i2,Tower_e1,1.55266860E+02
1.40000000E-05,injectedCurrent,Ttop,4.00000000E+05
1.40000000E-05,voltage,Ttop,2.21032965E+04
1.40000000E-05,voltage,ch-base,-3.77896703E+05
1.40000000E-05,i1,ch_e1,-7.06239575E+01
1.40000000E-05,i2,ch_e1,7.10181021E+01
1.40000000E-05,i1,Tower_e1,-1.05417406E+02
1.40000000E-05,i2,Tower_e1,9.70307017E+01
1.42500000E-05,injectedCurrent,Ttop,3.83333333E+05
1.42500000E-05,voltage,Ttop,-1.05876955E+04
1.42500000E-05,voltage,ch-base,-3.93921029E+05
1.42500000E-05,i1,ch_e1,6.11656739E+01
1.42500000E-05,i2,ch_e1,-6.25347363E+01
1.42500000E-05,i1,Tower_e1,-1.59700396E+00
1.42500000E-05,i2,Tower_e1,-1.48858663E+01
1.45000000E-05,injectedCurrent,Ttop,3.66666667E+05
1.45000000E-05,voltage,Ttop,-5.30051542E+04
1.45000000E-05,voltage,ch-base,-4.19671821E+05
1.45000000E-05,i1,ch_e1,2.21651799E+02
1.45000000E-05,i2,ch_e1,-2.23913840E+02
1.45000000E-05,i1,Tower_e1,1.40258992E+02
1.45000000E-05,i2,Tower_e1,-1.62340584E+02
1.47500000E-05,injectedCurrent,Ttop,3.50000000E+05
1.47500000E-05,voltage,Ttop,-9.81326636E+04
1.47500000E-05,voltage,ch-base,-4.48132664E+05
1.47500000E-05,i1,ch_e1,3.81610997E+02
1.47500000E-05,i2,ch_e1,-3.84009135E+02
1.47500000E-05,i1,Tower_e1,2.95357327E+02
1.47500000E-05,i2,Tower_e1,-3.19207780E+02
1.50000000E-05,injectedCurrent,Ttop,3.33333333E+05
1.50000000E-05,voltage,Ttop,-1.39559282E+05
1.50000000E-05,voltage,ch-base,-4.72892615E+05
1.50000000E-05,i1,ch_e1,5.17997843E+02
1.50000000E-05,i2,ch_e1,-5.19671443E+02
1.50000000E-05,i1,Tower_e1,4.39127244E+02
1.50000000E-05,i2,Tower_e1,-4.61111236E+02
1.52500000E-05,injectedCurrent,Ttop,3.16666667E+05
1.52500000E-05,voltage,Ttop,-1.72903865E+05
1.52500000E-05,voltage,ch-base,-4.89570532E+05
1.52500000E-05,i1,ch_e1,6.18721555E+02
1.52500000E-05,i2,ch_e1,-6.19367744E+02
1.52500000E-05,i1,Tower_e1,5.55440492E+02
1.52500000E-05,i2,Tower_e1,-5.73145508E+02
1.55000000E-05,injectedCurrent,Ttop,3.00000000E+05
1.55000000E-05,voltage,Ttop,-1.96554579E+05
1.55000000E-05,voltage,ch-base,-4.96554579E+05
1.55000000E-05,i1,ch_e1,6.82395209E+02
1.55000000E-05,i2,ch_e1,-6.81779995E+02
1.55000000E-05,i1,Tower_e1,6.37365476E+02
1.55000000E-05,i2,Tower_e1,-6.49843476E+02
1.57500000E-05,injectedCurrent,Ttop,2.83333333E+05
1.57500000E-05,voltage,Ttop,-2.11129154E+05
1.57500000E-05,voltage,ch-base,-4.94462488E+05
1.57500000E-05,i1,ch_e1,7.15356767E+02
1.57500000E-05,i2,ch_e1,-7.13773664E+02
1.57500000E-05,i1,Tower_e1,6.87178450E+02
1.57500000E-05,i2,Tower_e1,-6.94787478E+02
1.60000000E-05,injectedCurrent,Ttop,2.66666667E+05
1.60000000E-05,voltage,Ttop,-2.18768506E+05
1.60000000E-05,voltage,ch-base,-4.85435173E+05
1.60000000E-05,i1,ch_e1,7.27765446E+02
1.60000000E-05,i2,ch_e1,-7.25362585E+02
1.60000000E-05,i1,Tower_e1,7.12090815E+02
1.60000000E-05,i2,Tower_e1,-7.15978584E+02
1.62500000E-05,injectedCurrent,Ttop,2.50000000E+05
1.62500000E-05,voltage,Ttop,-2.21784810E+05
1.62500000E-05,voltage,ch-base,-4.71784810E+05
1.62500000E-05,i1,ch_e1,7.28805429E+02
1.62500000E-05,i2,ch_e1,-7.25982557E+02
1.62500000E-05,i1,Tower_e1,7.21265111E+02
1.62500000E-05,i2,Tower_e1,-7.22763575E+02
1.65000000E-05,injectedCurrent,Ttop,2.33333333E+05
1.65000000E-05,voltage,Ttop,-2.22141086E+05
1.65000000E-05,voltage,ch-base,-4.55474419E+05
1.65000000E-05,i1,ch_e1,7.24492978E+02
1.65000000E-05,i2,ch_e1,-7.21334717E+02
1.65000000E-05,i1,Tower_e1,7.21408965E+02
1.65000000E-05,i2,Tower_e1,-7.21549902E+02
1.67500000E-05,injectedCurrent,Ttop,2.16666667E+05
1.67500000E-05,voltage,Ttop,-2.21149318E+05
1.67500000E-05,voltage,ch-base,-4.37815985E+05
1.67500000E-05,i1,ch_e1,7.18268290E+02
1.67500000E-05,i2,ch_e1,-7.15038052E+02
1.67500000E-05,i1,Tower_e1,7.17425574E+02
1.67500000E-05,i2,Tower_e1,-7.16916501E+02
1.70000000E-05,injectedCurrent,Ttop,2.00000000E+05
1.70000000E-05,voltage,Ttop,-2.19659798E+05
1.70000000E-05,voltage,ch-base,-4.19659798E+05
1.70000000E-05,i1,ch_e1,7.11920545E+02
1.70000000E-05,i2,ch_e1,-7.08579617E+02
1.70000000E-05,i1,Tower_e1,7.11843253E+02
1.70000000E-05,i2,Tower_e1,-7.11090752E+02
1.72500000E-05,injectedCurrent,Ttop,1.83333333E+05
1.72500000E-05,voltage,Ttop,-2.18143782E+05
1.72500000E-05,voltage,ch-base,-4.01477116E+05
1.72500000E-05,i1,ch_e1,7.06292784E+02
1.72500000E-05,i2,ch_e1,-7.03017862E+02
1.72500000E-05,i1,Tower_e1,7.06272553E+02
1.72500000E-05,i2,Tower_e1,-7.05505107E+02
1.75000000E-05,injectedCurrent,Ttop,1.66666667E+05
1.75000000E-05,voltage,Ttop,-2.17228852E+05
1.75000000E-05,voltage,ch-base,-3.83895518E+05
1.75000000E-05,i1,ch_e1,7.03318139E+02
1.75000000E-05,i2,ch_e1,-7.00109476E+02
1.75000000E-05,i1,Tower_e1,7.02182027E+02
1.75000000E-05,i2,Tower_e1,-7.01675856E+02
1.77500000E-05,injectedCurrent,Ttop,1.50000000E+05
1.77500000E-05,voltage,Ttop,-2.17355233E+05
1.77500000E-05,voltage,ch-base,-3.67355233E+05
1.77500000E-05,i1,ch_e1,7.04913508E+02
1.77500000E-05,i2,ch_e1,-7.01872442E+02
1.77500000E-05,i1,Tower_e1,7.01750972E+02
1.77500000E-05,i2,Tower_e1,-7.01807355E+02
1.80000000E-05,injectedCurrent,Ttop,1.33333333E+05
1.80000000E-05,voltage,Ttop,-2.18466626E+05
1.80000000E-05,voltage,ch-base,-3.51799959E+05
1.80000000E-05,i1,ch_e1,7.10400577E+02
1.80000000E-05,i2,ch_e1,-7.07442818E+02
1.80000000E-05,i1,Tower_e1,7.05292317E+02
1.80000000E-05,i2,Tower_e1,-7.05933658E+02
1.82500000E-05,injectedCurrent,Ttop,1.16666667E+05
1.82500000E-05,voltage,Ttop,-2.20000541E+05
1.82500000E-05,voltage,ch-base,-3.36667207E+05
1.82500000E-05,i1,ch_e1,7.16769712E+02
1.82500000E-05,i2,ch_e1,-7.13826257E+02
1.82500000E-05,i1,Tower_e1,7.10840426E+02
1.82500000E-05,i2,Tower_e1,-7.11750847E+02
1.85000000E-05,injectedCurrent,Ttop,1.00000000E+05
1.85000000E-05,voltage,Ttop,-2.21457744E+05
1.85000000E-05,voltage,ch-base,-3.21457744E+05
1.85000000E-05,i1,ch_e1,7.21756032E+02
1.85000000E-05,i2,ch_e1,-7.18831909E+02
1.85000000E-05,i1,Tower_e1,7.16144790E+02
1.85000000E-05,i2,Tower_e1,-7.17001624E+02
1.87500000E-05,injectedCurrent,Ttop,8.33333333E+04
1.87500000E-05,voltage,Ttop,-2.22754182E+05
1.87500000E-05,voltage,ch-base,-3.06087516E+05
1.87500000E-05,i1,ch_e1,7.25621138E+02
1.87500000E-05,i2,ch_e1,-7.22621097E+02
1.87500000E-05,i1,Tower_e1,7.20282214E+02
1.87500000E-05,i2,Tower_e1,-7.20993363E+02
1.90000000E-05,injectedCurrent,Ttop,6.66666667E+04
1.90000000E-05,voltage,Ttop,-2.23868792E+05
1.90000000E-05,voltage,ch-base,-2.90535459E+05
1.90000000E-05,i1,ch_e1,7.29212856E+02
1.90000000E-05,i2,ch_e1,-7.26310630E+02
1.90000000E-05,i1,Tower_e1,7.24273237E+02
1.90000000E-05,i2,Tower_e1,-7.24939170E+02
1.92500000E-05,injectedCurrent,Ttop,5.00000000E+04
1.92500000E-05,voltage,Ttop,-2.24486191E+05
1.92500000E-05,voltage,ch-base,-2.74486191E+05
1.92500000E-05,i1,ch_e1,7.31135015E+02
1.92500000E-05,i2,ch_e1,-7.27916624E+02
1.92500000E-05,i1,Tower_e1,7.26787065E+02
1.92500000E-05,i2,Tower_e1,-7.27227709E+02
1.95000000E-05,injectedCurrent,Ttop,3.33333333E+04
1.95000000E-05,voltage,Ttop,-2.23934954E+05
1.95000000E-05,voltage,ch-base,-2.57268288E+05
1.95000000E-05,i1,ch_e1,7.28258267E+02
1.95000000E-05,i2,ch_e1,-7.25231890E+02
1.95000000E-05,i1,Tower_e1,7.26546069E+02
1.95000000E-05,i2,Tower_e1,-7.26463629E+02
1.97500000E-05,injectedCurrent,Ttop,1.66666667E+04
1.97500000E-05,voltage,Ttop,-2.22477971E+05
1.97500000E-05,voltage,ch-base,-2.39144637E+05
1.97500000E-05,i1,ch_e1,7.21309036E+02
1.97500000E-05,i2,ch_e1,-7.17552267E+02
1.97500000E-05,i1,Tower_e1,7.20753891E+02
1.97500000E-05,i2,Tower_e1,-7.19961471E+02
2.00000000E-05,injectedCurrent,Ttop,2.25875453E-10
2.00000000E-05,voltage,Ttop,-2.20653736E+05
2.00000000E-05,voltage,ch-base,-2.20653736E+05
2.00000000E-05,i1,ch_e1,7.13879858E+02
2.00000000E-05,i2,ch_e1,-7.11726618E+02
2.00000000E-05,i1,Tower_e1,7.15817194E+02
2.00000000E-05,i2,Tower_e1,-7.15025506E+02
2.02500000E-05,injectedCurrent,Ttop,0.00000000E+00
2.02500000E-05,voltage,Ttop,-2.15951787E+05
2.02500000E-05,voltage,ch-base,-2.15951787E+05
2.02500000E-05,i1,ch_e1,6.93581422E+02
2.02500000E-05,i2,ch_e1,-6.93931847E+02
2.02500000E-05,i1,Tower_e1,7.01879184E+02
2.02500000E-05,i2,Tower_e1,-6.99575511E+02
2.05000000E-05,injectedCurrent,Ttop,0.00000000E+00
2.05000000E-05,voltage,Ttop,-2.11588942E+05
2.05000000E-05,voltage,ch-base,-2.11588942E+05
2.05000000E-05,i1,ch_e1,6.77811846E+02
2.05000000E-05,i2,ch_e1,-6.76808220E+02
2.05000000E-05,i1,Tower_e1,6.85386063E+02
2.05000000E-05,i2,Tower_e1,-6.83032899E+02
2.07500000E-05,injectedCurrent,Ttop,0.00000000E+00
2.07500000E-05,voltage,Ttop,-2.05996529E+05
2.07500000E-05,voltage,ch-base,-2.05996529E+05
2.07500000E-05,i1,ch_e1,6.60133738E+02
2.07500000E-05,i2,ch_e1,-6.59811013E+02
2.07500000E-05,i1,Tower_e1,6.69700575E+02
2.07500000E-05,i2,Tower_e1,-6.67123982E+02
2.10000000E-05,injectedCurrent,Ttop,0.00000000E+00
2.10000000E-05,voltage,Ttop,-2.00091138E+05
2.10000000E-05,voltage,ch-base,-2.00091138E+05
2.10000000E-05,i1,ch_e1,6.39344096E+02
2.10000000E-05,i2,ch_e1,-6.38350382E+02
2.10000000E-05,i1,Tower_e1,6.49633492E+02
2.10000000E-05,i2,Tower_e1,-6.46604499E+02
2.12500000E-05,injectedCurrent,Ttop,0.00000000E+00
2.12500000E-05,voltage,Ttop,-1.93924902E+05
2.12500000E-05,voltage,ch-base,-1.93924902E+05
2.12500000E-05,i1,ch_e1,6.18563536E+02
2.12500000E-05,i2,ch_e1,-6.18122753E+02
2.12500000E-05,i1,Tower_e1,6.29649733E+02
2.12500000E-05,i2,Tower_e1,-6.26524040E+02
2.15000000E-05,injectedCurrent,Ttop,0.00000000E+00
2.15000000E-05,voltage,Ttop,-1.88874304E+05
2.15000000E-05,voltage,ch-base,-1.88874304E+05
2.15000000E-05,i1,ch_e1,6.02525590E+02
2.15000000E-05,i2,ch_e1,-6.01798370E+02
2.15000000E-05,i1,Tower_e1,6.11266632E+02
2.15000000E-05,i2,Tower_e1,-6.08566790E+02
2.17500000E-05,injectedCurrent,Ttop,0.00000000E+00
2.17500000E-05,voltage,Ttop,-1.84702391E+05
2.17500000E-05,voltage,ch-base,-1.84702391E+05
2.17500000E-05,i1,ch_e1,5.91378318E+02
2.17500000E-05,i2,ch_e1,-5.91126983E+02
2.17500000E-05,i1,Tower_e1,5.98397007E+02
2.17500000E-05,i2,Tower_e1,-5.96386314E+02
2.20000000E-05,injectedCurrent,Ttop,0.00000000E+00
2.20000000E-05,voltage,Ttop,-1.80877039E+05
2.20000000E-05,voltage,ch-base,-1.80877039E+05
2.20000000E-05,i1,ch_e1,5.80521142E+02
2.20000000E-05,i2,ch_e1,-5.79878557E+02
2.20000000E-05,i1,Tower_e1,5.86653330E+02
2.20000000E-05,i2,Tower_e1,-5.84848000E+02
2.22500000E-05,injectedCurrent,Ttop,0.00000000E+00
2.22500000E-05,voltage,Ttop,-1.76003743E+05
2.22500000E-05,voltage,ch-base,-1.76003743E+05
2.22500000E-05,i1,ch_e1,5.64466846E+02
2.22500000E-05,i2,ch_e1,-5.63977515E+02
2.22500000E-05,i1,Tower_e1,5.72914730E+02
2.22500000E-05,i2,Tower_e1,-5.70658531E+02
2.25000000E-05,injectedCurrent,Ttop,0.00000000E+00
2.25000000E-05,voltage,Ttop,-1.70207863E+05
2.25000000E-05,voltage,ch-base,-1.70207863E+05
2.25000000E-05,i1,ch_e1,5.43307735E+02
2.25000000E-05,i2,ch_e1,-5.42451970E+02
2.25000000E-05,i1,Tower_e1,5.53663724E+02
2.25000000E-05,i2,Tower_e1,-5.50695688E+02
2.27500000E-05,injectedCurrent,Ttop,0.00000000E+00
2.27500000E-05,voltage,Ttop,-1.64227707E+05
2.27500000E-05,voltage,ch-base,-1.64227707E+05
2.27500000E-05,i1,ch_e1,5.22506509E+02
2.27500000E-05,i2,ch_e1,-5.21963109E+02
2.27500000E-05,i1,Tower_e1,5.33444491E+02
2.27500000E-05,i2,Tower_e1,-5.30325232E+02
2.30000000E-05,injectedCurrent,Ttop,0.00000000E+00
2.30000000E-05,voltage,Ttop,-1.59508934E+05
2.30000000E-05,voltage,ch-base,-1.59508934E+05
2.30000000E-05,i1,ch_e1,5.07892317E+02
2.30000000E-05,i2,ch_e1,-5.07329851E+02
2.30000000E-05,i1,Tower_e1,5.16124486E+02
2.30000000E-05,i2,Tower_e1,-5.13578630E+02
2.32500000E-05,injectedCurrent,Ttop,0.00000000E+00
2.32500000E-05,voltage,Ttop,-1.56175522E+05
2.32500000E-05,voltage,ch-base,-1.56175522E+05
2.32500000E-05,i1,ch_e1,5.00183766E+02
2.32500000E-05,i2,ch_e1,-4.99951926E+02
2.32500000E-05,i1,Tower_e1,5.05617944E+02
2.32500000E-05,i2,Tower_e1,-5.04009264E+02
2.35000000E-05,injectedCurrent,Ttop,0.00000000E+00
2.35000000E-05,voltage,Ttop,-1.53334336E+05
2.35000000E-05,voltage,ch-base,-1.53334336E+05
2.35000000E-05,i1,ch_e1,4.93288965E+02
2.35000000E-05,i2,ch_e1,-4.92874836E+02
2.35000000E-05,i1,Tower_e1,4.97547066E+02
2.35000000E-05,i2,Tower_e1,-4.96282963E+02
2.37500000E-05,injectedCurrent,Ttop,0.00000000E+00
2.37500000E-05,voltage,Ttop,-1.49489506E+05
2.37500000E-05,voltage,ch-base,-1.49489506E+05
2.37500000E-05,i1,ch_e1,4.80886135E+02
2.37500000E-05,i2,ch_e1,-4.80399839E+02
2.37500000E-05,i1,Tower_e1,4.87378967E+02
2.37500000E-05,i2,Tower_e1,-4.85676394E+02
2.40000000E-05,injectedCurrent,Ttop,0.00000000E+00
2.40000000E-05,voltage,Ttop,-1.43845249E+05
2.40000000E-05,voltage,ch-base,-1.43845249E+05
2.40000000E-05,i1,ch_e1,4.59643283E+02
2.40000000E-05,i2,ch_e1,-4.58843088E+02
2.40000000E-05,i1,Tower_e1,4.69763725E+02
2.40000000E-05,i2,Tower_e1,-4.66960810E+02
2.42500000E-05,injectedCurrent,Ttop,0.00000000E+00
2.42500000E-05,voltage,Ttop,-1.37256469E+05
2.42500000E-05,voltage,ch-base,-1.37256469E+05
2.42500000E-05,i1,ch_e1,4.35138624E+02
2.42500000E-05,i2,ch_e1,-4.34365119E+02
2.42500000E-05,i1,Tower_e1,4.47396956E+02
2.42500000E-05,i2,Tower_e1,-4.43939117E+02
2.45000000E-05,injectedCurrent,Ttop,0.00000000E+00
2.45000000E-05,voltage,Ttop,-1.30980180E+05
2.45000000E-05,voltage,ch-base,-1.30980180E+05
2.45000000E-05,i1,ch_e1,4.13787125E+02
2.45000000E-05,i2,ch_e1,-4.13088333E+02
2.45000000E-05,i1,Tower_e1,4.25227885E+02
2.45000000E-05,i2,Tower_e1,-4.21870319E+02
2.47500000E-05,injectedCurrent,Ttop,0.00000000E+00
2.47500000E-05,voltage,Ttop,-1.26608328E+05
2.47500000E-05,voltage,ch-base,-1.26608328E+05
2.47500000E-05,i1,ch_e1,4.01650005E+02
2.47500000E-05,i2,ch_e1,-4.01284627E+02
2.47500000E-05,i1,Tower_e1,4.09184345E+02
2.47500000E-05,i2,Tower_e1,-4.06837056E+02
2.50000000E-05,injectedCurrent,Ttop,0.00000000E+00
2.50000000E-05,voltage,Ttop,-1.24033799E+05
2.50000000E-05,voltage,ch-base,-1.24033799E+05
2.50000000E-05,i1,ch_e1,3.97786384E+02
2.50000000E-05,i2,ch_e1,-3.97574735E+02
2.50000000E-05,i1,Tower_e1,4.01497441E+02
2.50000000E-05,i2,Tower_e1,-4.00340917E+02
2.52500000E-05,injectedCurrent,Ttop,0.00000000E+00
2.52500000E-05,voltage,Ttop,-1.22042675E+05
2.52500000E-05,voltage,ch-base,-1.22042675E+05
2.52500000E-05,i1,ch_e1,3.94551319E+02
2.52500000E-05,i2,ch_e1,-3.94342685E+02
2.52500000E-05,i1,Tower_e1,3.96914246E+02
2.52500000E-05,i2,Tower_e1,-3.96177532E+02
2.55000000E-05,injectedCurrent,Ttop,0.00000000E+00
2.55000000E-05,voltage,Ttop,-1.19042259E+05
2.55000000E-05,voltage,ch-base,-1.19042259E+05
2.55000000E-05,i1,ch_e1,3.85576245E+02
2.55000000E-05,i2,ch_e1,-3.85194781E+02
2.55000000E-05,i1,Tower_e1,3.90110110E+02
2.55000000E-05,i2,Tower_e1,-3.88937360E+02
2.57500000E-05,injectedCurrent,Ttop,0.00000000E+00
2.57500000E-05,voltage,Ttop,-1.13590304E+05
2.57500000E-05,voltage,ch-base,-1.13590304E+05
2.57500000E-05,i1,ch_e1,3.65267278E+02
2.57500000E-05,i2,ch_e1,-3.64432552E+02
2.57500000E-05,i1,Tower_e1,3.74593792E+02
2.57500000E-05,i2,Tower_e1,-3.72066768E+02
2.60000000E-05,injectedCurrent,Ttop,0.00000000E+00
2.60000000E-05,voltage,Ttop,-1.05708130E+05
2.60000000E-05,voltage,ch-base,-1.05708130E+05
2.60000000E-05,i1,ch_e1,3.34994377E+02
2.60000000E-05,i2,ch_e1,-3.34066078E+02
2.60000000E-05,i1,Tower_e1,3.49468934E+02
2.60000000E-05,i2,Tower_e1,-3.45492169E+02
2.62500000E-05,injectedCurrent,Ttop,0.00000000E+00
2.62500000E-05,voltage,Ttop,-9.70091579E+04
2.62500000E-05,voltage,ch-base,-9.70091579E+04
2.62500000E-05,i1,ch_e1,3.03090213E+02
2.62500000E-05,i2,ch_e1,-3.01935573E+02
2.62500000E-05,i1,Tower_e1,3.19073666E+02
2.62500000E-05,i2,Tower_e1,-3.14443278E+02
2.65000000E-05,injectedCurrent,Ttop,0.00000000E+00
2.65000000E-05,voltage,Ttop,-8.90126048E+04
2.65000000E-05,voltage,ch-base,-8.90126048E+04
2.65000000E-05,i1,ch_e1,2.76706277E+02
2.65000000E-05,i2,ch_e1,-2.75960828E+02
2.65000000E-05,i1,Tower_e1,2.91424938E+02
2.65000000E-05,i2,Tower_e1,-2.87196333E+02
2.67500000E-05,injectedCurrent,Ttop,0.00000000E+00
2.67500000E-05,voltage,Ttop,-8.33010631E+04
2.67500000E-05,voltage,ch-base,-8.33010631E+04
2.67500000E-05,i1,ch_e1,2.60358517E+02
2.67500000E-05,i2,ch_e1,-2.59666770E+02
2.67500000E-05,i1,Tower_e1,2.70249022E+02
2.67500000E-05,i2,Tower_e1,-2.67140852E+02
2.70000000E-05,injectedCurrent,Ttop,0.00000000E+00
2.70000000E-05,voltage,Ttop,-8.02266670E+04
2.70000000E-05,voltage,ch-base,-8.02266670E+04
2.70000000E-05,i1,ch_e1,2.55244424E+02
2.70000000E-05,i2,ch_e1,-2.55249550E+02
2.70000000E-05,i1,Tower_e1,2.60117420E+02
2.70000000E-05,i2,Tower_e1,-2.58601145E+02
2.72500000E-05,injectedCurrent,Ttop,0.00000000E+00
2.72500000E-05,voltage,Ttop,-7.90832253E+04
2.72500000E-05,voltage,ch-base,-7.90832253E+04
2.72500000E-05,i1,ch_e1,2.56531106E+02
2.72500000E-05,i2,ch_e1,-2.56269362E+02
2.72500000E-05,i1,Tower_e1,2.57085125E+02
2.72500000E-05,i2,Tower_e1,-2.56684811E+02
2.75000000E-05,injectedCurrent,Ttop,0.00000000E+00
2.75000000E-05,voltage,Ttop,-7.75170959E+04
2.75000000E-05,voltage,ch-base,-7.75170959E+04
2.75000000E-05,i1,ch_e1,2.54396142E+02
2.75000000E-05,i2,ch_e1,-2.54489859E+02
2.75000000E-05,i1,Tower_e1,2.56027415E+02
2.75000000E-05,i2,Tower_e1,-2.55692780E+02
2.77500000E-05,injectedCurrent,Ttop,0.00000000E+00
2.77500000E-05,voltage,Ttop,-7.38673607E+04
2.77500000E-05,voltage,ch-base,-7.38673607E+04
2.77500000E-05,i1,ch_e1,2.41267490E+02
2.77500000E-05,i2,ch_e1,-2.40461868E+02
2.77500000E-05,i1,Tower_e1,2.46502872E+02
2.77500000E-05,i2,Tower_e1,-2.44961946E+02
2.80000000E-05,injectedCurrent,Ttop,0.00000000E+00
2.80000000E-05,voltage,Ttop,-6.64511603E+04
2.80000000E-05,voltage,ch-base,-6.64511603E+04
2.80000000E-05,i1,ch_e1,2.13281087E+02
2.80000000E-05,i2,ch_e1,-2.12618597E+02
2.80000000E-05,i1,Tower_e1,2.26249147E+02
2.80000000E-05,i2,Tower_e1,-2.22869353E+02
2.82500000E-05,injectedCurrent,Ttop,0.00000000E+00
2.82500000E-05,voltage,Ttop,-5.52715747E+04
2.82500000E-05,voltage,ch-base,-5.52715747E+04
2.82500000E-05,i1,ch_e1,1.70695540E+02
2.82500000E-05,i2,ch_e1,-1.68810186E+02
2.82500000E-05,i1,Tower_e1,1.90324568E+02
2.82500000E-05,i2,Tower_e1,-1.84729262E+02
2.85000000E-05,injectedCurrent,Ttop,0.00000000E+00
2.85000000E-05,voltage,Ttop,-4.03814494E+04
2.85000000E-05,voltage,ch-base,-4.03814494E+04
2.85000000E-05,i1,ch_e1,1.16138722E+02
2.85000000E-05,i2,ch_e1,-1.14666901E+02
2.85000000E-05,i1,Tower_e1,1.43476269E+02
2.85000000E-05,i2,Tower_e1,-1.36026014E+02
2.87500000E-05,injectedCurrent,Ttop,0.00000000E+00
2.87500000E-05,voltage,Ttop,-2.38626606E+04
2.87500000E-05,voltage,ch-base,-2.38626606E+04
2.87500000E-05,i1,ch_e1,5.68947238E+01
2.87500000E-05,i2,ch_e1,-5.43546427E+01
2.87500000E-05,i1,Tower_e1,8.66947938E+01
2.87500000E-05,i2,Tower_e1,-7.80292537E+01
2.90000000E-05,injectedCurrent,Ttop,0.00000000E+00
2.90000000E-05,voltage,Ttop,-6.91775194E+03
2.90000000E-05,voltage,ch-base,-6.91775194E+03
2.90000000E-05,i1,ch_e1,-2.70954439E-01
2.90000000E-05,i2,ch_e1,1.75900726E+00
2.90000000E-05,i1,Tower_e1,3.10141991E+01
2.90000000E-05,i2,Tower_e1,-2.23078617E+01
2.92500000E-05,injectedCurrent,Ttop,0.00000000E+00
2.92500000E-05,voltage,Ttop,8.23142589E+03
2.92500000E-05,voltage,ch-base,8.23142589E+03
2.92500000E-05,i1,ch_e1,-4.94853398E+01
2.92500000E-05,i2,ch_e1,5.18789039E+01
2.92500000E-05,i1,Tower_e1,-2.24730793E+01
2.92500000E-05,i2,Tower_e1,3.05233025E+01
2.95000000E-05,injectedCurrent,Ttop,0.00000000E+00
2.95000000E-05,voltage,Ttop,2.15595033E+04
2.95000000E-05,voltage,ch-base,2.15595033E+04
2.95000000E-05,i1,ch_e1,-8.99362981E+01
2.95000000E-05,i2,ch_e1,9.08137905E+01
2.95000000E-05,i1,Tower_e1,-6.54569010E+01
2.95000000E-05,i2,Tower_e1,7.22260536E+01
2.97500000E-05,injectedCurrent,Ttop,0.00000000E+00
2.97500000E-05,voltage,Ttop,3.17592924E+04
2.97500000E-05,voltage,ch-base,3.17592924E+04
2.97500000E-05,i1,ch_e1,-1.20273861E+02
2.97500000E-05,i2,ch_e1,1.22165115E+02
2.97500000E-05,i1,Tower_e1,-1.02531757E+02
2.97500000E-05,i2,Tower_e1,1.08024323E+02
3.00000000E-05,injectedCurrent,Ttop,0.00000000E+00
3.00000000E-05,voltage,Ttop,3.96929948E+04
3.00000000E-05,voltage,ch-base,3.96929948E+04
3.00000000E-05,i1,ch_e1,-1.41599362E+02
3.00000000E-05,i2,ch_e1,1.41661944E+02
3.00000000E-05,i1,Tower_e1,-1.26911364E+02
3.00000000E-05,i2,Tower_e1,1.30849124E+02
3.02500000E-05,injectedCurrent,Ttop,0.00000000E+00
3.02500000E-05,voltage,Ttop,4.44939407E+04
3.02500000E-05,voltage,ch-base,4.44939407E+04
3.02500000E-05,i1,ch_e1,-1.53756079E+02
3.02500000E-05,i2,ch_e1,1.55147053E+02
3.02500000E-05,i1,Tower_e1,-1.46024050E+02
3.02500000E-05,i2,Tower_e1,1.48722730E+02
3.05000000E-05,injectedCurrent,Ttop,0.00000000E+00
3.05000000E-05,voltage,Ttop,4.79044048E+04
3.05000000E-05,voltage,ch-base,4.79044048E+04
3.05000000E-05,i1,ch_e1,-1.60459708E+02
3.05000000E-05,i2,ch_e1,1.59851198E+02
3.05000000E-05,i1,Tower_e1,-1.53967154E+02
3.05000000E-05,i2,Tower_e1,1.55451398E+02
3.07500000E-05,injectedCurrent,Ttop,0.00000000E+00
3.07500000E-05,voltage,Ttop,4.94384969E+04
3.07500000E-05,voltage,ch-base,4.94384969E+04
3.07500000E-05,i1,ch_e1,-1.63545211E+02
3.07500000E-05,i2,ch_e1,1.64773092E+02
3.07500000E-05,i1,Tower_e1,-1.61835501E+02
3.07500000E-05,i2,Tower_e1,1.62811754E+02
3.10000000E-05,injectedCurrent,Ttop,0.00000000E+00
3.10000000E-05,voltage,Ttop,5.11995508E+04
3.10000000E-05,voltage,ch-base,5.11995508E+04
3.10000000E-05,i1,ch_e1,-1.67118443E+02
3.10000000E-05,i2,ch_e1,1.66174314E+02
3.10000000E-05,i1,Tower_e1,-1.63316209E+02
3.10000000E-05,i2,Tower_e1,1.63888442E+02
3.12500000E-05,injectedCurrent,Ttop,0.00000000E+00
3.12500000E-05,voltage,Ttop,5.20794628E+04
3.12500000E-05,voltage,ch-base,5.20794628E+04
3.12500000E-05,i1,ch_e1,-1.70450139E+02
3.12500000E-05,i2,ch_e1,1.71823393E+02
3.12500000E-05,i1,Tower_e1,-1.69825404E+02
3.12500000E-05,i2,Tower_e1,1.70546114E+02
3.15000000E-05,injectedCurrent,Ttop,0.00000000E+00
3.15000000E-05,voltage,Ttop,5.39728829E+04
3.15000000E-05,voltage,ch-base,5.39728829E+04
3.15000000E-05,i1,ch_e1,-1.75695747E+02
3.15000000E-05,i2,ch_e1,1.74570651E+02
3.15000000E-05,i1,Tower_e1,-1.71348113E+02
3.15000000E-05,i2,Tower_e1,1.71972650E+02
3.17500000E-05,injectedCurrent,Ttop,0.00000000E+00
3.17500000E-05,voltage,Ttop,5.51539049E+04
3.17500000E-05,voltage,ch-base,5.51539049E+04
3.17500000E-05,i1,ch_e1,-1.80839514E+02
3.17500000E-05,i2,ch_e1,1.82479439E+02
3.17500000E-05,i1,Tower_e1,-1.79751789E+02
3.17500000E-05,i2,Tower_e1,1.80698216E+02
3.20000000E-05,injectedCurrent,Ttop,0.00000000E+00
3.20000000E-05,voltage,Ttop,5.75948214E+04
3.20000000E-05,voltage,ch-base,5.75948214E+04
3.20000000E-05,i1,ch_e1,-1.87976429E+02
3.20000000E-05,i2,ch_e1,1.86675843E+02
3.20000000E-05,i1,Tower_e1,-1.82449105E+02
3.20000000E-05,i2,Tower_e1,1.83307939E+02
3.22500000E-05,injectedCurrent,Ttop,0.00000000E+00
3.22500000E-05,voltage,Ttop,5.91349562E+04
3.22500000E-05,voltage,ch-base,5.91349562E+04
3.22500000E-05,i1,ch_e1,-1.94530708E+02
3.22500000E-05,i2,ch_e1,1.96469951E+02
3.22500000E-05,i1,Tower_e1,-1.92958147E+02
3.22500000E-05,i2,Tower_e1,1.94156721E+02
3.25000000E-05,injectedCurrent,Ttop,0.00000000E+00
3.25000000E-05,voltage,Ttop,6.20285407E+04
3.25000000E-05,voltage,ch-base,6.20285407E+04
3.25000000E-05,i1,ch_e1,-2.02909398E+02
3.25000000E-05,i2,ch_e1,2.01385279E+02
3.25000000E-05,i1,Tower_e1,-1.96370999E+02
3.25000000E-05,i2,Tower_e1,1.97404708E+02
3.27500000E-05,injectedCurrent,Ttop,0.00000000E+00
3.27500000E-05,voltage,Ttop,6.37708789E+04
3.27500000E-05,voltage,ch-base,6.37708789E+04
3.27500000E-05,i1,ch_e1,-2.10228925E+02
3.27500000E-05,i2,ch_e1,2.12495233E+02
3.27500000E-05,i1,Tower_e1,-2.08478244E+02
3.27500000E-05,i2,Tower_e1,2.09848168E+02
3.30000000E-05,injectedCurrent,Ttop,0.00000000E+00
3.30000000E-05,voltage,Ttop,6.71362277E+04
3.30000000E-05,voltage,ch-base,6.71362277E+04
3.30000000E-05,i1,ch_e1,-2.19988367E+02
3.30000000E-05,i2,ch_e1,2.18228308E+02
3.30000000E-05,i1,Tower_e1,-2.12328156E+02
3.30000000E-05,i2,Tower_e1,2.13521490E+02
3.32500000E-05,injectedCurrent,Ttop,0.00000000E+00
3.32500000E-05,voltage,Ttop,6.92101481E+04
3.32500000E-05,voltage,ch-base,6.92101481E+04
3.32500000E-05,i1,ch_e1,-2.28993616E+02
3.32500000E-05,i2,ch_e1,2.31648998E+02
3.32500000E-05,i1,Tower_e1,-2.26722203E+02
3.32500000E-05,i2,Tower_e1,2.28364800E+02
3.35000000E-05,injectedCurrent,Ttop,0.00000000E+00
3.35000000E-05,voltage,Ttop,7.28688811E+04
3.35000000E-05,voltage,ch-base,7.28688811E+04
3.35000000E-05,i1,ch_e1,-2.39682913E+02
3.35000000E-05,i2,ch_e1,2.37582195E+02
3.35000000E-05,i1,Tower_e1,-2.31052774E+02
3.35000000E-05,i2,Tower_e1,2.32388116E+02
3.37500000E-05,injectedCurrent,Ttop,0.00000000E+00
3.37500000E-05,voltage,Ttop,7.42396242E+04
3.37500000E-05,voltage,ch-base,7.42396242E+04
3.37500000E-05,i1,ch_e1,-2.46026727E+02
3.37500000E-05,i2,ch_e1,2.48937729E+02
3.37500000E-05,i1,Tower_e1,-2.45176584E+02
3.37500000E-05,i2,Tower_e1,2.46633351E+02
3.40000000E-05,injectedCurrent,Ttop,0.00000000E+00
3.40000000E-05,voltage,Ttop,7.65081424E+04
3.40000000E-05,voltage,ch-base,7.65081424E+04
3.40000000E-05,i1,ch_e1,-2.50388617E+02
3.40000000E-05,i2,ch_e1,2.47665941E+02
3.40000000E-05,i1,Tower_e1,-2.44069488E+02
3.40000000E-05,i2,Tower_e1,2.44630797E+02
3.42500000E-05,injectedCurrent,Ttop,0.00000000E+00
3.42500000E-05,voltage,Ttop,7.55396946E+04
3.42500000E-05,voltage,ch-base,7.55396946E+04
3.42500000E-05,i1,ch_e1,-2.47754660E+02
3.42500000E-05,i2,ch_e1,2.50796187E+02
3.42500000E-05,i1,Tower_e1,-2.51641276E+02
3.42500000E-05,i2,Tower_e1,2.51965078E+02
3.45000000E-05,injectedCurrent,Ttop,0.00000000E+00
3.45000000E-05,voltage,Ttop,7.57540378E+04
3.45000000E-05,voltage,ch-base,7.57540378E+04
3.45000000E-05,i1,ch_e1,-2.44199946E+02
3.45000000E-05,i2,ch_e1,2.40778175E+02
3.45000000E-05,i1,Tower_e1,-2.41497695E+02
3.45000000E-05,i2,Tower_e1,2.40808933E+02
3.47500000E-05,injectedCurrent,Ttop,0.00000000E+00
3.47500000E-05,voltage,Ttop,7.30774820E+04
3.47500000E-05,voltage,ch-base,7.30774820E+04
3.47500000E-05,i1,ch_e1,-2.36742211E+02
3.47500000E-05,i2,ch_e1,2.40116099E+02
3.47500000E-05,i1,Tower_e1,-2.44128581E+02
3.47500000E-05,i2,Tower_e1,2.43608709E+02
3.50000000E-05,injectedCurrent,Ttop,0.00000000E+00
3.50000000E-05,voltage,Ttop,7.28371442E+04
3.50000000E-05,voltage,ch-base,7.28371442E+04
3.50000000E-05,i1,ch_e1,-2.32795068E+02
3.50000000E-05,i2,ch_e1,2.28824472E+02
3.50000000E-05,i1,Tower_e1,-2.30442209E+02
3.50000000E-05,i2,Tower_e1,2.29373980E+02
3.52500000E-05,injectedCurrent,Ttop,0.00000000E+00
3.52500000E-05,voltage,Ttop,6.99131340E+04
3.52500000E-05,voltage,ch-base,6.99131340E+04
3.52500000E-05,i1,ch_e1,-2.26408159E+02
3.52500000E-05,i2,ch_e1,2.30320521E+02
3.52500000E-05,i1,Tower_e1,-2.34418182E+02
3.52500000E-05,i2,Tower_e1,2.33954472E+02
3.55000000E-05,injectedCurrent,Ttop,0.00000000E+00
3.55000000E-05,voltage,Ttop,6.97870226E+04
3.55000000E-05,voltage,ch-base,6.97870226E+04
3.55000000E-05,i1,ch_e1,-2.22923115E+02
3.55000000E-05,i2,ch_e1,2.18339681E+02
3.55000000E-05,i1,Tower_e1,-2.19842648E+02
3.55000000E-05,i2,Tower_e1,2.18756855E+02
3.57500000E-05,injectedCurrent,Ttop,0.00000000E+00
3.57500000E-05,voltage,Ttop,6.62287950E+04
3.57500000E-05,voltage,ch-base,6.62287950E+04
3.57500000E-05,i1,ch_e1,-2.14377646E+02
3.57500000E-05,i2,ch_e1,2.18832707E+02
3.57500000E-05,i1,Tower_e1,-2.24030639E+02
3.57500000E-05,i2,Tower_e1,2.23408373E+02
3.60000000E-05,injectedCurrent,Ttop,0.00000000E+00
3.60000000E-05,voltage,Ttop,6.57397451E+04
3.60000000E-05,voltage,ch-base,6.57397451E+04
3.60000000E-05,i1,ch_e1,-2.08497751E+02
3.60000000E-05,i2,ch_e1,2.03182623E+02
3.60000000E-05,i1,Tower_e1,-2.05776703E+02
3.60000000E-05,i2,Tower_e1,2.04300429E+02
3.62500000E-05,injectedCurrent,Ttop,0.00000000E+00
3.62500000E-05,voltage,Ttop,6.16027064E+04
3.62500000E-05,voltage,ch-base,6.16027064E+04
3.62500000E-05,i1,ch_e1,-1.98479023E+02
3.62500000E-05,i2,ch_e1,2.03617865E+02
3.62500000E-05,i1,Tower_e1,-2.09787130E+02
3.62500000E-05,i2,Tower_e1,2.08976660E+02
3.65000000E-05,injectedCurrent,Ttop,0.00000000E+00
3.65000000E-05,voltage,Ttop,6.16096591E+04
3.65000000E-05,voltage,ch-base,6.16096591E+04
3.65000000E-05,i1,ch_e1,-1.94442201E+02
3.65000000E-05,i2,ch_e1,1.88442745E+02
3.65000000E-05,i1,Tower_e1,-1.90269192E+02
3.65000000E-05,i2,Tower_e1,1.88827772E+02
3.67500000E-05,injectedCurrent,Ttop,0.00000000E+00
3.67500000E-05,voltage,Ttop,5.79791573E+04
3.67500000E-05,voltage,ch-base,5.79791573E+04
3.67500000E-05,i1,ch_e1,-1.87848608E+02
3.67500000E-05,i2,ch_e1,1.93904016E+02
3.67500000E-05,i1,Tower_e1,-1.98630690E+02
3.67500000E-05,i2,Tower_e1,1.98293043E+02
3.70000000E-05,injectedCurrent,Ttop,0.00000000E+00
3.70000000E-05,voltage,Ttop,5.91848087E+04
3.70000000E-05,voltage,ch-base,5.91848087E+04
3.70000000E-05,i1,ch_e1,-1.87973005E+02
3.70000000E-05,i2,ch_e1,1.81226714E+02
3.70000000E-05,i1,Tower_e1,-1.80829922E+02
3.70000000E-05,i2,Tower_e1,1.79863020E+02
3.72500000E-05,injectedCurrent,Ttop,0.00000000E+00
3.72500000E-05,voltage,Ttop,5.57072820E+04
3.72500000E-05,voltage,ch-base,5.57072820E+04
3.72500000E-05,i1,ch_e1,-1.82412155E+02
3.72500000E-05,i2,ch_e1,1.89394932E+02
3.72500000E-05,i1,Tower_e1,-1.93453711E+02
3.72500000E-05,i2,Tower_e1,1.93491982E+02
3.75000000E-05,injectedCurrent,Ttop,0.00000000E+00
3.75000000E-05,voltage,Ttop,5.69522733E+04
3.75000000E-05,voltage,ch-base,5.69522733E+04
3.75000000E-05,i1,ch_e1,-1.80823280E+02
3.75000000E-05,i2,ch_e1,1.73032170E+02
3.75000000E-05,i1,Tower_e1,-1.73024681E+02
3.75000000E-05,i2,Tower_e1,1.71870782E+02
3.77500000E-05,injectedCurrent,Ttop,0.00000000E+00
3.77500000E-05,voltage,Ttop,5.22457930E+04
3.77500000E-05,voltage,ch-base,5.22457930E+04
3.77500000E-05,i1,ch_e1,-1.70529867E+02
3.77500000E-05,i2,ch_e1,1.78416031E+02
3.77500000E-05,i1,Tower_e1,-1.84756643E+02
3.77500000E-05,i2,Tower_e1,1.84373464E+02
3.80000000E-05,injectedCurrent,Ttop,0.00000000E+00
3.80000000E-05,voltage,Ttop,5.29849735E+04
3.80000000E-05,voltage,ch-base,5.29849735E+04
3.80000000E-05,i1,ch_e1,-1.65704003E+02
3.80000000E-05,i2,ch_e1,1.56720691E+02
3.80000000E-05,i1,Tower_e1,-1.58283551E+02
3.80000000E-05,i2,Tower_e1,1.56514418E+02
3.82500000E-05,injectedCurrent,Ttop,0.00000000E+00
3.82500000E-05,voltage,Ttop,4.75476988E+04
3.82500000E-05,voltage,ch-base,4.75476988E+04
3.82500000E-05,i1,ch_e1,-1.54277920E+02
3.82500000E-05,i2,ch_e1,1.63332371E+02
3.82500000E-05,i1,Tower_e1,-1.70721352E+02
3.82500000E-05,i2,Tower_e1,1.70177161E+02
3.85000000E-05,injectedCurrent,Ttop,0.00000000E+00
3.85000000E-05,voltage,Ttop,4.91560046E+04
3.85000000E-05,voltage,ch-base,4.91560046E+04
3.85000000E-05,i1,ch_e1,-1.52710925E+02
3.85000000E-05,i2,ch_e1,1.42573052E+02
3.85000000E-05,i1,Tower_e1,-1.42715241E+02
3.85000000E-05,i2,Tower_e1,1.41073154E+02
3.87500000E-05,injectedCurrent,Ttop,0.00000000E+00
3.87500000E-05,voltage,Ttop,4.42328790E+04
3.87500000E-05,voltage,ch-base,4.42328790E+04
3.87500000E-05,i1,ch_e1,-1.45357723E+02
3.87500000E-05,i2,ch_e1,1.55883310E+02
3.87500000E-05,i1,Tower_e1,-1.61543580E+02
3.87500000E-05,i2,Tower_e1,1.61637838E+02
3.90000000E-05,injectedCurrent,Ttop,0.00000000E+00
3.90000000E-05,voltage,Ttop,4.73063360E+04
3.90000000E-05,voltage,ch-base,4.73063360E+04
3.90000000E-05,i1,ch_e1,-1.48336900E+02
3.90000000E-05,i2,ch_e1,1.36893892E+02
3.90000000E-05,i1,Tower_e1,-1.34433701E+02
3.90000000E-05,i2,Tower_e1,1.33285275E+02
3.92500000E-05,injectedCurrent,Ttop,0.00000000E+00
3.92500000E-05,voltage,Ttop,4.22773080E+04
3.92500000E-05,voltage,ch-base,4.22773080E+04
3.92500000E-05,i1,ch_e1,-1.41461072E+02
3.92500000E-05,i2,ch_e1,1.53515046E+02
3.92500000E-05,i1,Tower_e1,-1.58749740E+02
3.92500000E-05,i2,Tower_e1,1.59248209E+02
3.95000000E-05,injectedCurrent,Ttop,0.00000000E+00
3.95000000E-05,voltage,Ttop,4.54344013E+04
3.95000000E-05,voltage,ch-base,4.54344013E+04
3.95000000E-05,i1,ch_e1,-1.42313503E+02
3.95000000E-05,i2,ch_e1,1.29156974E+02
3.95000000E-05,i1,Tower_e1,-1.27167468E+02
3.95000000E-05,i2,Tower_e1,1.25716382E+02
3.97500000E-05,injectedCurrent,Ttop,0.00000000E+00
3.97500000E-05,voltage,Ttop,3.85606228E+04
3.97500000E-05,voltage,ch-base,3.85606228E+04
3.97500000E-05,i1,ch_e1,-1.29001149E+02
3.97500000E-05,i2,ch_e1,1.42586655E+02
3.97500000E-05,i1,Tower_e1,-1.51039810E+02
3.97500000E-05,i2,Tower_e1,1.50992634E+02
4.00000000E-05,injectedCurrent,Ttop,0.00000000E+00
4.00000000E-05,voltage,Ttop,4.08278174E+04
4.00000000E-05,voltage,ch-base,4.08278174E+04
4.00000000E-05,i1,ch_e1,-1.24380141E+02
4.00000000E-05,i2,ch_e1,1.09204444E+02
4.00000000E-05,i1,Tower_e1,-1.09841262E+02
4.00000000E-05,i2,Tower_e1,1.07405310E+02
4.02500000E-05,injectedCurrent,Ttop,0.00000000E+00
4.02500000E-05,voltage,Ttop,3.21776329E+04
4.02500000E-05,voltage,ch-base,3.21776329E+04
4.02500000E-05,i1,ch_e1,-1.06500399E+02
4.02500000E-05,i2,ch_e1,1.21933283E+02
4.02500000E-05,i1,Tower_e1,-1.33330279E+02
4.02500000E-05,i2,Tower_e1,1.32744724E+02
4.05000000E-05,injectedCurrent,Ttop,0.00000000E+00
4.05000000E-05,voltage,Ttop,3.49720846E+04
4.05000000E-05,voltage,ch-base,3.49720846E+04
4.05000000E-05,i1,ch_e1,-1.03135379E+02
4.05000000E-05,i2,ch_e1,8.59030430E+01
4.05000000E-05,i1,Tower_e1,-8.62153218E+01
4.05000000E-05,i2,Tower_e1,8.34665893E+01
4.07500000E-05,injectedCurrent,Ttop,0.00000000E+00
4.07500000E-05,voltage,Ttop,2.63361663E+04
4.07500000E-05,voltage,ch-base,2.63361663E+04
4.07500000E-05,i1,ch_e1,-8.86315492E+01
4.07500000E-05,i2,ch_e1,1.06420050E+02
4.07500000E-05,i1,Tower_e1,-1.16833581E+02
4.07500000E-05,i2,Tower_e1,1.16787869E+02
4.10000000E-05,injectedCurrent,Ttop,0.00000000E+00
4.10000000E-05,voltage,Ttop,3.12966647E+04
4.10000000E-05,voltage,ch-base,3.12966647E+04
4.10000000E-05,i1,ch_e1,-9.22011308E+01
4.10000000E-05,i2,ch_e1,7.27869160E+01
4.10000000E-05,i1,Tower_e1,-6.94409622E+01
4.10000000E-05,i2,Tower_e1,6.72786714E+01
4.12500000E-05,injectedCurrent,Ttop,0.00000000E+00
4.12500000E-05,voltage,Ttop,2.31016565E+04
4.12500000E-05,voltage,ch-base,2.31016565E+04
4.12500000E-05,i1,ch_e1,-8.16677571E+01
4.12500000E-05,i2,ch_e1,1.02131899E+02
4.12500000E-05,i1,Tower_e1,-1.10590870E+02
4.12500000E-05,i2,Tower_e1,1.11474080E+02
4.15000000E-05,injectedCurrent,Ttop,0.00000000E+00
4.15000000E-05,voltage,Ttop,2.96952631E+04
4.15000000E-05,voltage,ch-base,2.96952631E+04
4.15000000E-05,i1,ch_e1,-8.82826835E+01
4.15000000E-05,i2,ch_e1,6.62353613E+01
4.15000000E-05,i1,Tower_e1,-6.05277771E+01
4.15000000E-05,i2,Tower_e1,5.86301135E+01
4.17500000E-05,injectedCurrent,Ttop,0.00000000E+00
4.17500000E-05,voltage,Ttop,2.02878288E+04
4.17500000E-05,voltage,ch-base,2.02878288E+04
4.17500000E-05,i1,ch_e1,-7.46667698E+01
4.17500000E-05,i2,ch_e1,9.79333419E+01
4.17500000E-05,i1,Tower_e1,-1.07772935E+02
4.17500000E-05,i2,Tower_e1,1.08794269E+02
4.20000000E-05,injectedCurrent,Ttop,0.00000000E+00
4.20000000E-05,voltage,Ttop,2.67501706E+04
4.20000000E-05,voltage,ch-base,2.67501706E+04
4.20000000E-05,i1,ch_e1,-7.70446271E+01
4.20000000E-05,i2,ch_e1,5.17517938E+01
4.20000000E-05,i1,Tower_e1,-4.74770821E+01
4.20000000E-05,i2,Tower_e1,4.47841039E+01
4.22500000E-05,injectedCurrent,Ttop,0.00000000E+00
4.22500000E-05,voltage,Ttop,1.43272980E+04
4.22500000E-05,voltage,ch-base,1.43272980E+04
4.22500000E-05,i1,ch_e1,-5.44035416E+01
4.22500000E-05,i2,ch_e1,8.06767898E+01
4.22500000E-05,i1,Tower_e1,-9.54401610E+01
4.22500000E-05,i2,Tower_e1,9.56907477E+01
4.25000000E-05,injectedCurrent,Ttop,0.00000000E+00
4.25000000E-05,voltage,Ttop,1.98345961E+04
4.25000000E-05,voltage,ch-base,1.98345961E+04
4.25000000E-05,i1,ch_e1,-5.01245782E+01
4.25000000E-05,i2,ch_e1,2.10740939E+01
4.25000000E-05,i1,Tower_e1,-2.00550437E+01
4.25000000E-05,i2,Tower_e1,1.59651601E+01
4.27500000E-05,injectedCurrent,Ttop,0.00000000E+00
4.27500000E-05,voltage,Ttop,4.20993962E+03
4.27500000E-05,voltage,ch-base,4.20993962E+03
4.27500000E-05,i1,ch_e1,-1.94333402E+01
4.27500000E-05,i2,ch_e1,4.91975672E+01
4.27500000E-05,i1,Tower_e1,-6.90652910E+01
4.27500000E-05,i2,Tower_e1,6.85096819E+01
4.30000000E-05,injectedCurrent,Ttop,0.00000000E+00
4.30000000E-05,voltage,Ttop,9.79789084E+03
4.30000000E-05,voltage,ch-base,9.79789084E+03
4.30000000E-05,i1,ch_e1,-1.30656990E+01
4.30000000E-05,i2,ch_e1,-2.00878146E+01
4.30000000E-05,i1,Tower_e1,1.98068146E+01
4.30000000E-05,i2,Tower_e1,-2.48949228E+01
4.32500000E-05,injectedCurrent,Ttop,0.00000000E+00
4.32500000E-05,voltage,Ttop,-7.70229439E+03
4.32500000E-05,voltage,ch-base,-7.70229439E+03
4.32500000E-05,i1,ch_e1,1.96100195E+01
4.32500000E-05,i2,ch_e1,1.43658962E+01
4.32500000E-05,i1,Tower_e1,-3.64414696E+01
4.32500000E-05,i2,Tower_e1,3.59054634E+01
4.35000000E-05,injectedCurrent,Ttop,0.00000000E+00
4.35000000E-05,voltage,Ttop,-8.97171556E+01
4.35000000E-05,voltage,ch-base,-8.97171556E+01
4.35000000E-05,i1,ch_e1,2.12543561E+01
4.35000000E-05,i2,ch_e1,-5.88441744E+01
4.35000000E-05,i1,Tower_e1,6.09820883E+01
4.35000000E-05,i2,Tower_e1,-6.61661229E+01
4.37500000E-05,injectedCurrent,Ttop,0.00000000E+00
4.37500000E-05,voltage,Ttop,-1.80346170E+04
4.37500000E-05,voltage,ch-base,-1.80346170E+04
4.37500000E-05,i1,ch_e1,5.05854765E+01
4.37500000E-05,i2,ch_e1,-1.16123938E+01
4.37500000E-05,i1,Tower_e1,-9.60487301E+00
4.37500000E-05,i2,Tower_e1,1.00121796E+01
4.40000000E-05,injectedCurrent,Ttop,0.00000000E+00
4.40000000E-05,voltage,Ttop,-6.93033547E+03
4.40000000E-05,voltage,ch-base,-6.93033547E+03
4.40000000E-05,i1,ch_e1,4.34814729E+01
4.40000000E-05,i2,ch_e1,-8.60016718E+01
4.40000000E-05,i1,Tower_e1,9.32274800E+01
4.40000000E-05,i2,Tower_e1,-9.78713345E+01
4.42500000E-05,injectedCurrent,Ttop,0.00000000E+00
4.42500000E-05,voltage,Ttop,-2.48333976E+04
4.42500000E-05,voltage,ch-base,-2.48333976E+04
4.42500000E-05,i1,ch_e1,6.80462332E+01
4.42500000E-05,i2,ch_e1,-2.33279954E+01
4.42500000E-05,i1,Tower_e1,4.13745501E+00
4.42500000E-05,i2,Tower_e1,-2.34130011E+00
4.45000000E-05,injectedCurrent,Ttop,0.00000000E+00
4.45000000E-05,voltage,Ttop,-9.85991968E+03
4.45000000E-05,voltage,ch-base,-9.85991968E+03
4.45000000E-05,i1,ch_e1,5.23208143E+01
4.45000000E-05,i2,ch_e1,-1.00504738E+02
4.45000000E-05,i1,Tower_e1,1.13266210E+02
4.45000000E-05,i2,Tower_e1,-1.17330759E+02
4.47500000E-05,injectedCurrent,Ttop,0.00000000E+00
4.47500000E-05,voltage,Ttop,-2.84259268E+04
4.47500000E-05,voltage,ch-base,-2.84259268E+04
4.47500000E-05,i1,ch_e1,7.47900973E+01
4.47500000E-05,i2,ch_e1,-2.36233644E+01
4.47500000E-05,i1,Tower_e1,5.28122362E+00
4.47500000E-05,i2,Tower_e1,-2.25687679E+00
4.50000000E-05,injectedCurrent,Ttop,0.00000000E+00
4.50000000E-05,voltage,Ttop,-1.01439041E+04
4.50000000E-05,voltage,ch-base,-1.01439041E+04
4.50000000E-05,i1,ch_e1,5.37421951E+01
4.50000000E-05,i2,ch_e1,-1.08539798E+02
4.50000000E-05,i1,Tower_e1,1.25372528E+02
4.50000000E-05,i2,Tower_e1,-1.29361083E+02
4.52500000E-05,injectedCurrent,Ttop,0.00000000E+00
4.52500000E-05,voltage,Ttop,-3.06463667E+04
4.52500000E-05,voltage,ch-base,-3.06463667E+04
4.52500000E-05,i1,ch_e1,7.81769691E+01
4.52500000E-05,i2,ch_e1,-1.97814359E+01
4.52500000E-05,i1,Tower_e1,3.82590541E-02
4.52500000E-05,i2,Tower_e1,3.74747940E+00
4.55000000E-05,injectedCurrent,Ttop,0.00000000E+00
4.55000000E-05,voltage,Ttop,-9.51031323E+03
4.55000000E-05,voltage,ch-base,-9.51031323E+03
4.55000000E-05,i1,ch_e1,5.39811514E+01
4.55000000E-05,i2,ch_e1,-1.16432390E+02
4.55000000E-05,i1,Tower_e1,1.36114575E+02
4.55000000E-05,i2,Tower_e1,-1.40528879E+02
4.57500000E-05,injectedCurrent,Ttop,0.00000000E+00
4.57500000E-05,voltage,Ttop,-3.27513510E+04
4.57500000E-05,voltage,ch-base,-3.27513510E+04
4.57500000E-05,i1,ch_e1,8.17910321E+01
4.57500000E-05,i2,ch_e1,-1.51759684E+01
4.57500000E-05,i1,Tower_e1,-7.12502081E+00
4.57500000E-05,i2,Tower_e1,1.14995664E+01
4.60000000E-05,injectedCurrent,Ttop,0.00000000E+00
4.60000000E-05,voltage,Ttop,-8.56831273E+03
4.60000000E-05,voltage,ch-base,-8.56831273E+03
4.60000000E-05,i1,ch_e1,5.40271522E+01
4.60000000E-05,i2,ch_e1,-1.25254571E+02
4.60000000E-05,i1,Tower_e1,1.47876780E+02
4.60000000E-05,i2,Tower_e1,-1.52874748E+02
4.62500000E-05,injectedCurrent,Ttop,0.00000000E+00
4.62500000E-05,voltage,Ttop,-3.50789082E+04
4.62500000E-05,voltage,ch-base,-3.50789082E+04
4.62500000E-05,i1,ch_e1,8.57865577E+01
4.62500000E-05,i2,ch_e1,-9.78598049E+00
4.62500000E-05,i1,Tower_e1,-1.56519834E+01
4.62500000E-05,i2,Tower_e1,2.06583963E+01
4.65000000E-05,injectedCurrent,Ttop,0.00000000E+00
4.65000000E-05,voltage,Ttop,-7.63746167E+03
4.65000000E-05,voltage,ch-base,-7.63746167E+03
4.65000000E-05,i1,ch_e1,5.47731386E+01
4.65000000E-05,i2,ch_e1,-1.36091133E+02
4.65000000E-05,i1,Tower_e1,1.61623841E+02
4.65000000E-05,i2,Tower_e1,-1.67395458E+02
4.67500000E-05,injectedCurrent,Ttop,0.00000000E+00
4.67500000E-05,voltage,Ttop,-3.82076202E+04
4.67500000E-05,voltage,ch-base,-3.82076202E+04
4.67500000E-05,i1,ch_e1,9.23841760E+01
4.67500000E-05,i2,ch_e1,-5.67109211E+00
4.67500000E-05,i1,Tower_e1,-2.40501268E+01
4.67500000E-05,i2,Tower_e1,2.96072857E+01
4.70000000E-05,injectedCurrent,Ttop,0.00000000E+00
4.70000000E-05,voltage,Ttop,-7.24723498E+03
4.70000000E-05,voltage,ch-base,-7.24723498E+03
4.70000000E-05,i1,ch_e1,5.84850603E+01
4.70000000E-05,i2,ch_e1,-1.51390817E+02
4.70000000E-05,i1,Tower_e1,1.79779908E+02
4.70000000E-05,i2,Tower_e1,-1.86584415E+02
4.72500000E-05,injectedCurrent,Ttop,0.00000000E+00
4.72500000E-05,voltage,Ttop,-4.23774602E+04
4.72500000E-05,voltage,ch-base,-4.23774602E+04
4.72500000E-05,i1,ch_e1,1.02200267E+02
4.72500000E-05,i2,ch_e1,-3.16479609E+00
4.72500000E-05,i1,Tower_e1,-3.12985752E+01
4.72500000E-05,i2,Tower_e1,3.75061838E+01
4.75000000E-05,injectedCurrent,Ttop,0.00000000E+00
4.75000000E-05,voltage,Ttop,-6.90948101E+03
4.75000000E-05,voltage,ch-base,-6.90948101E+03
4.75000000E-05,i1,ch_e1,6.28028460E+01
4.75000000E-05,i2,ch_e1,-1.68938513E+02
4.75000000E-05,i1,Tower_e1,2.01598188E+02
4.75000000E-05,i2,Tower_e1,-2.09355648E+02
4.77500000E-05,injectedCurrent,Ttop,0.00000000E+00
4.77500000E-05,voltage,Ttop,-4.66006403E+04
4.77500000E-05,voltage,ch-base,-4.66006403E+04
4.77500000E-05,i1,ch_e1,1.10679052E+02
4.77500000E-05,i2,ch_e1,2.60113547E+00
4.77500000E-05,i1,Tower_e1,-4.11033831E+01
4.77500000E-05,i2,Tower_e1,4.84329702E+01
4.80000000E-05,injectedCurrent,Ttop,0.00000000E+00
4.80000000E-05,voltage,Ttop,-5.37444197E+03
4.80000000E-05,voltage,ch-base,-5.37444197E+03
4.80000000E-05,i1,ch_e1,6.28624949E+01
4.80000000E-05,i2,ch_e1,-1.84151165E+02
4.80000000E-05,i1,Tower_e1,2.22925438E+02
4.80000000E-05,i2,Tower_e1,-2.31442171E+02
4.82500000E-05,injectedCurrent,Ttop,0.00000000E+00
4.82500000E-05,voltage,Ttop,-5.00727702E+04
4.82500000E-05,voltage,ch-base,-5.00727702E+04
4.82500000E-05,i1,ch_e1,1.15100914E+02
4.82500000E-05,i2,ch_e1,1.45811963E+01
4.82500000E-05,i1,Tower_e1,-5.72887635E+01
4.82500000E-05,i2,Tower_e1,6.60634244E+01
4.85000000E-05,injectedCurrent,Ttop,0.00000000E+00
4.85000000E-05,voltage,Ttop,-2.34766043E+03
4.85000000E-05,voltage,ch-base,-2.34766043E+03
4.85000000E-05,i1,ch_e1,5.86890459E+01
4.85000000E-05,i2,ch_e1,-1.97456859E+02
4.85000000E-05,i1,Tower_e1,2.42962704E+02
4.85000000E-05,i2,Tower_e1,-2.52421981E+02
4.87500000E-05,injectedCurrent,Ttop,0.00000000E+00
4.87500000E-05,voltage,Ttop,-5.31289472E+04
4.87500000E-05,voltage,ch-base,-5.31289472E+04
4.87500000E-05,i1,ch_e1,1.17530466E+02
4.87500000E-05,i2,ch_e1,3.10179864E+01
4.87500000E-05,i1,Tower_e1,-7.92765345E+01
4.87500000E-05,i2,Tower_e1,8.95347186E+01
4.90000000E-05,injectedCurrent,Ttop,0.00000000E+00
4.90000000E-05,voltage,Ttop,1.81869566E+03
4.90000000E-05,voltage,ch-base,1.81869566E+03
4.90000000E-05,i1,ch_e1,5.22149739E+01
4.90000000E-05,i2,ch_e1,-2.11170347E+02
4.90000000E-05,i1,Tower_e1,2.63910798E+02
4.90000000E-05,i2,Tower_e1,-2.74622944E+02
4.92500000E-05,injectedCurrent,Ttop,0.00000000E+00
4.92500000E-05,voltage,Ttop,-5.60887477E+04
4.92500000E-05,voltage,ch-base,-5.60887477E+04
4.92500000E-05,i1,ch_e1,1.18768442E+02
4.92500000E-05,i2,ch_e1,5.15616102E+01
4.92500000E-05,i1,Tower_e1,-1.06414106E+02
4.92500000E-05,i2,Tower_e1,1.18328153E+02
4.95000000E-05,injectedCurrent,Ttop,0.00000000E+00
4.95000000E-05,voltage,Ttop,7.20224431E+03
4.95000000E-05,voltage,ch-base,7.20224431E+03
4.95000000E-05,i1,ch_e1,4.28322285E+01
4.95000000E-05,i2,ch_e1,-2.25117618E+02
4.95000000E-05,i1,Tower_e1,2.86312598E+02
4.95000000E-05,i2,Tower_e1,-2.98460862E+02
4.97500000E-05,injectedCurrent,Ttop,0.00000000E+00
4.97500000E-05,voltage,Ttop,-5.89879800E+04
4.97500000E-05,voltage,ch-base,-5.89879800E+04
4.97500000E-05,i1,ch_e1,1.18336981E+02
4.97500000E-05,i2,ch_e1,7.71812001E+01
4.97500000E-05,i1,Tower_e1,-1.39728400E+02
4.97500000E-05,i2,Tower_e1,1.53562863E+02
5.00000000E-05,injectedCurrent,Ttop,0.00000000E+00
5.00000000E-05,voltage,Ttop,1.37385036E+04
5.00000000E-05,voltage,ch-base,1.37385036E+04
5.00000000E-05,i1,ch_e1,3.10430908E+01
5.00000000E-05,i2,ch_e1,-2.40388393E+02
5.00000000E-05,i1,Tower_e1,3.10958633E+02
5.00000000E-05,i2,Tower_e1,-3.24873870E+02
5.02500000E-05,injectedCurrent,Ttop,0.00000000E+00
5.02500000E-05,voltage,Ttop,-6.24509148E+04
5.02500000E-05,voltage,ch-base,-6.24509148E+04
5.02500000E-05,i1,ch_e1,1.18637875E+02
5.02500000E-05,i2,ch_e1,1.06026210E+02
5.02500000E-05,i1,Tower_e1,-1.78375077E+02
5.02500000E-05,i2,Tower_e1,1.94229168E+02
5.05000000E-05,injectedCurrent,Ttop,0.00000000E+00
5.05000000E-05,voltage,Ttop,2.07656304E+04
5.05000000E-05,voltage,ch-base,2.07656304E+04
5.05000000E-05,i1,ch_e1,1.99743522E+01
5.05000000E-05,i2,ch_e1,-2.60786892E+02
5.05000000E-05,i1,Tower_e1,3.41312495E+02
5.05000000E-05,i2,Tower_e1,-3.57542380E+02
5.07500000E-05,injectedCurrent,Ttop,0.00000000E+00
5.07500000E-05,voltage,Ttop,-6.73288593E+04
5.07500000E-05,voltage,ch-base,-6.73288593E+04
5.07500000E-05,i1,ch_e1,1.22564916E+02
5.07500000E-05,i2,ch_e1,1.35949243E+02
5.07500000E-05,i1,Tower_e1,-2.20340895E+02
5.07500000E-05,i2,Tower_e1,2.38366465E+02
5.10000000E-05,injectedCurrent,Ttop,0.00000000E+00
5.10000000E-05,voltage,Ttop,2.81053900E+04
5.10000000E-05,voltage,ch-base,2.81053900E+04
5.10000000E-05,i1,ch_e1,1.02080631E+01
5.10000000E-05,i2,ch_e1,-2.87619117E+02
5.10000000E-05,i1,Tower_e1,3.79841536E+02
5.10000000E-05,i2,Tower_e1,-3.98781862E+02
5.12500000E-05,injectedCurrent,Ttop,0.00000000E+00
5.12500000E-05,voltage,Ttop,-7.35087772E+04
5.12500000E-05,voltage,ch-base,-7.35087772E+04
5.12500000E-05,i1,ch_e1,1.28518868E+02
5.12500000E-05,i2,ch_e1,1.69495611E+02
5.12500000E-05,i1,Tower_e1,-2.67219224E+02
5.12500000E-05,i2,Tower_e1,2.87962696E+02
5.15000000E-05,injectedCurrent,Ttop,0.00000000E+00
5.15000000E-05,voltage,Ttop,3.66437613E+04
5.15000000E-05,voltage,ch-base,3.66437613E+04
5.15000000E-05,i1,ch_e1,-1.87801015E+00
5.15000000E-05,i2,ch_e1,-3.18180009E+02
5.15000000E-05,i1,Tower_e1,4.25135518E+02
5.15000000E-05,i2,Tower_e1,-4.46974739E+02
5.17500000E-05,injectedCurrent,Ttop,0.00000000E+00
5.17500000E-05,voltage,Ttop,-8.03980626E+04
5.17500000E-05,voltage,ch-base,-8.03980626E+04
5.17500000E-05,i1,ch_e1,1.33520598E+02
5.17500000E-05,i2,ch_e1,2.10687126E+02
5.17500000E-05,i1,Tower_e1,-3.23301922E+02
5.17500000E-05,i2,Tower_e1,3.47452202E+02
5.20000000E-05,injectedCurrent,Ttop,0.00000000E+00
5.20000000E-05,voltage,Ttop,4.69939083E+04
5.20000000E-05,voltage,ch-base,4.69939083E+04
5.20000000E-05,i1,ch_e1,-1.76998959E+01
5.20000000E-05,i2,ch_e1,-3.52288402E+02
5.20000000E-05,i1,Tower_e1,4.76599772E+02
5.20000000E-05,i2,Tower_e1,-5.01803333E+02
5.22500000E-05,injectedCurrent,Ttop,0.00000000E+00
5.22500000E-05,voltage,Ttop,-8.84116515E+04
5.22500000E-05,voltage,ch-base,-8.84116515E+04
5.22500000E-05,i1,ch_e1,1.39343510E+02
5.22500000E-05,i2,ch_e1,2.58966720E+02
5.22500000E-05,i1,Tower_e1,-3.89790395E+02
5.22500000E-05,i2,Tower_e1,4.17791335E+02
5.25000000E-05,injectedCurrent,Ttop,0.00000000E+00
5.25000000E-05,voltage,Ttop,5.87342536E+04
5.25000000E-05,voltage,ch-base,5.87342536E+04
5.25000000E-05,i1,ch_e1,-3.42272655E+01
5.25000000E-05,i2,ch_e1,-3.94457236E+02
5.25000000E-05,i1,Tower_e1,5.38220943E+02
5.25000000E-05,i2,Tower_e1,-5.67659203E+02
5.27500000E-05,injectedCurrent,Ttop,0.00000000E+00
5.27500000E-05,voltage,Ttop,-9.86088905E+04
5.27500000E-05,voltage,ch-base,-9.86088905E+04
5.27500000E-05,i1,ch_e1,1.49601102E+02
5.27500000E-05,i2,ch_e1,3.12322983E+02
5.27500000E-05,i1,Tower_e1,-4.65450721E+02
5.27500000E-05,i2,Tower_e1,4.97774294E+02
5.30000000E-05,injectedCurrent,Ttop,0.00000000E+00
5.30000000E-05,voltage,Ttop,7.17186275E+04
5.30000000E-05,voltage,ch-base,7.17186275E+04
5.30000000E-05,i1,ch_e1,-5.03777280E+01
5.30000000E-05,i2,ch_e1,-4.47483084E+02
5.30000000E-05,i1,Tower_e1,6.14153088E+02
5.30000000E-05,i2,Tower_e1,-6.48666010E+02
5.32500000E-05,injectedCurrent,Ttop,0.00000000E+00
5.32500000E-05,voltage,Ttop,-1.11211000E+05
5.32500000E-05,voltage,ch-base,-1.11211000E+05
5.32500000E-05,i1,ch_e1,1.63521157E+02
5.32500000E-05,i2,ch_e1,3.73583313E+02
5.32500000E-05,i1,Tower_e1,-5.52565416E+02
5.32500000E-05,i2,Tower_e1,5.90157838E+02
5.35000000E-05,injectedCurrent,Ttop,0.00000000E+00
5.35000000E-05,voltage,Ttop,8.70040595E+04
5.35000000E-05,voltage,ch-base,8.70040595E+04
5.35000000E-05,i1,ch_e1,-6.98920799E+01
5.35000000E-05,i2,ch_e1,-5.09771353E+02
5.35000000E-05,i1,Tower_e1,7.04765735E+02
5.35000000E-05,i2,Tower_e1,-7.45035936E+02
5.37500000E-05,injectedCurrent,Ttop,0.00000000E+00
5.37500000E-05,voltage,Ttop,-1.25717792E+05
5.37500000E-05,voltage,ch-base,-1.25717792E+05
5.37500000E-05,i1,ch_e1,1.77688334E+02
5.37500000E-05,i2,ch_e1,4.48649343E+02
5.37500000E-05,i1,Tower_e1,-6.57396496E+02
5.37500000E-05,i2,Tower_e1,7.01560943E+02
5.40000000E-05,injectedCurrent,Ttop,0.00000000E+00
5.40000000E-05,voltage,Ttop,1.05862514E+05
5.40000000E-05,voltage,ch-base,1.05862514E+05
5.40000000E-05,i1,ch_e1,-9.62077305E+01
5.40000000E-05,i2,ch_e1,-5.80691401E+02
5.40000000E-05,i1,Tower_e1,8.10120564E+02
5.40000000E-05,i2,Tower_e1,-8.57096654E+02
5.42500000E-05,injectedCurrent,Ttop,0.00000000E+00
5.42500000E-05,voltage,Ttop,-1.42361770E+05
5.42500000E-05,voltage,ch-base,-1.42361770E+05
5.42500000E-05,i1,ch_e1,1.92149160E+02
5.42500000E-05,i2,ch_e1,5.40517424E+02
5.42500000E-05,i1,Tower_e1,-7.85106727E+02
5.42500000E-05,i2,Tower_e1,8.37129842E+02
5.45000000E-05,injectedCurrent,Ttop,0.00000000E+00
5.45000000E-05,voltage,Ttop,1.28598217E+05
5.45000000E-05,voltage,ch-base,1.28598217E+05
5.45000000E-05,i1,ch_e1,-1.28120573E+02
5.45000000E-05,i2,ch_e1,-6.65035896E+02
5.45000000E-05,i1,Tower_e1,9.35002229E+02
5.45000000E-05,i2,Tower_e1,-9.90246181E+02
5.47500000E-05,injectedCurrent,Ttop,0.00000000E+00
5.47500000E-05,voltage,Ttop,-1.62628089E+05
5.47500000E-05,voltage,ch-base,-1.62628089E+05
5.47500000E-05,i1,ch_e1,2.11373191E+02
5.47500000E-05,i2,ch_e1,6.48633065E+02
5.47500000E-05,i1,Tower_e1,-9.37631989E+02
5.47500000E-05,i2,Tower_e1,9.98815597E+02
5.50000000E-05,injectedCurrent,Ttop,0.00000000E+00
5.50000000E-05,voltage,Ttop,1.55022480E+05
5.50000000E-05,voltage,ch-base,1.55022480E+05
5.50000000E-05,i1,ch_e1,-1.62673991E+02
5.50000000E-05,i2,ch_e1,-7.70259386E+02
5.50000000E-05,i1,Tower_e1,1.08819121E+03
5.50000000E-05,i2,Tower_e1,-1.15372998E+03
5.52500000E-05,injectedCurrent,Ttop,0.00000000E+00
5.52500000E-05,voltage,Ttop,-1.88156032E+05
5.52500000E-05,voltage,ch-base,-1.88156032E+05
5.52500000E-05,i1,ch_e1,2.39004395E+02
5.52500000E-05,i2,ch_e1,7.74498311E+02
5.52500000E-05,i1,Tower_e1,-1.11791937E+03
5.52500000E-05,i2,Tower_e1,1.19005893E+03
5.55000000E-05,injectedCurrent,Ttop,0.00000000E+00
5.55000000E-05,voltage,Ttop,1.85866368E+05
5.55000000E-05,voltage,ch-base,1.85866368E+05
5.55000000E-05,i1,ch_e1,-2.00680537E+02
5.55000000E-05,i2,ch_e1,-9.01297510E+02
5.55000000E-05,i1,Tower_e1,1.27782253E+03
5.55000000E-05,i2,Tower_e1,-1.35587755E+03
5.57500000E-05,injectedCurrent,Ttop,0.00000000E+00
5.57500000E-05,voltage,Ttop,-2.19796367E+05
5.57500000E-05,voltage,ch-base,-2.19796367E+05
5.57500000E-05,i1,ch_e1,2.74576657E+02
5.57500000E-05,i2,ch_e1,9.25297867E+02
5.57500000E-05,i1,Tower_e1,-1.33447661E+03
5.57500000E-05,i2,Tower_e1,1.42020513E+03
5.60000000E-05,injectedCurrent,Ttop,0.00000000E+00
5.60000000E-05,voltage,Ttop,2.23184335E+05
5.60000000E-05,voltage,ch-base,2.23184335E+05
5.60000000E-05,i1,ch_e1,-2.47061281E+02
5.60000000E-05,i2,ch_e1,-1.06080555E+03
5.60000000E-05,i1,Tower_e1,1.51035471E+03
5.60000000E-05,i2,Tower_e1,-1.60349206E+03
5.62500000E-05,injectedCurrent,Ttop,0.00000000E+00
5.62500000E-05,voltage,Ttop,-2.58087258E+05
5.62500000E-05,voltage,ch-base,-2.58087258E+05
5.62500000E-05,i1,ch_e1,3.16094060E+02
5.62500000E-05,i2,ch_e1,1.11182244E+03
5.62500000E-05,i1,Tower_e1,-1.60098852E+03
5.62500000E-05,i2,Tower_e1,1.70376850E+03
5.65000000E-05,injectedCurrent,Ttop,0.00000000E+00
5.65000000E-05,voltage,Ttop,2.69627510E+05
5.65000000E-05,voltage,ch-base,2.69627510E+05
5.65000000E-05,i1,ch_e1,-3.07174443E+02
5.65000000E-05,i2,ch_e1,-1.25358032E+03
5.65000000E-05,i1,Tower_e1,1.79434503E+03
5.65000000E-05,i2,Tower_e1,-1.90595583E+03
5.67500000E-05,injectedCurrent,Ttop,0.00000000E+00
5.67500000E-05,voltage,Ttop,-3.04387157E+05
5.67500000E-05,voltage,ch-base,-3.04387157E+05
5.67500000E-05,i1,ch_e1,3.64036627E+02
5.67500000E-05,i2,ch_e1,1.34531186E+03
5.67500000E-05,i1,Tower_e1,-1.93377210E+03
5.67500000E-05,i2,Tower_e1,2.05787334E+03
5.70000000E-05,injectedCurrent,Ttop,0.00000000E+00
5.70000000E-05,voltage,Ttop,3.27725419E+05
5.70000000E-05,voltage,ch-base,3.27725419E+05
5.70000000E-05,i1,ch_e1,-3.84028921E+02
5.70000000E-05,i2,ch_e1,-1.49037487E+03
5.70000000E-05,i1,Tower_e1,2.14492947E+03
5.70000000E-05,i2,Tower_e1,-2.27974548E+03
5.72500000E-05,injectedCurrent,Ttop,0.00000000E+00
5.72500000E-05,voltage,Ttop,-3.61713576E+05
5.72500000E-05,voltage,ch-base,-3.61713576E+05
5.72500000E-05,i1,ch_e1,4.23463783E+02
5.72500000E-05,i2,ch_e1,1.63667385E+03
5.72500000E-05,i1,Tower_e1,-2.35098488E+03
5.72500000E-05,i2,Tower_e1,2.50171300E+03
5.75000000E-05,injectedCurrent,Ttop,0.00000000E+00
5.75000000E-05,voltage,Ttop,3.99872365E+05
5.75000000E-05,voltage,ch-base,3.99872365E+05
5.75000000E-05,i1,ch_e1,-4.78152234E+02
5.75000000E-05,i2,ch_e1,-1.78957142E+03
5.75000000E-05,i1,Tower_e1,2.58686932E+03
5.75000000E-05,i2,Tower_e1,-2.75143274E+03
5.77500000E-05,injectedCurrent,Ttop,0.00000000E+00
5.77500000E-05,voltage,Ttop,-4.34895583E+05
5.77500000E-05,voltage,ch-base,-4.34895583E+05
5.77500000E-05,i1,ch_e1,5.03310871E+02
5.77500000E-05,i2,ch_e1,1.99922712E+03
5.77500000E-05,i1,Tower_e1,-2.87530416E+03
5.77500000E-05,i2,Tower_e1,3.05963058E+03
5.80000000E-05,injectedCurrent,Ttop,0.00000000E+00
5.80000000E-05,voltage,Ttop,4.89340697E+05
5.80000000E-05,voltage,ch-base,4.89340697E+05
5.80000000E-05,i1,ch_e1,-5.90872904E+02
5.80000000E-05,i2,ch_e1,-2.17632355E+03
5.80000000E-05,i1,Tower_e1,3.15564883E+03
5.80000000E-05,i2,Tower_e1,-3.35876008E+03
5.82500000E-05,injectedCurrent,Ttop,0.00000000E+00
5.82500000E-05,voltage,Ttop,-5.30114519E+05
5.82500000E-05,voltage,ch-base,-5.30114519E+05
5.82500000E-05,i1,ch_e1,6.13165649E+02
5.82500000E-05,i2,ch_e1,2.45509480E+03
5.82500000E-05,i1,Tower_e1,-3.54092447E+03
5.82500000E-05,i2,Tower_e1,3.76859724E+03
5.85000000E-05,injectedCurrent,Ttop,0.00000000E+00
5.85000000E-05,voltage,Ttop,6.01912571E+05
5.85000000E-05,voltage,ch-base,6.01912571E+05
5.85000000E-05,i1,ch_e1,-7.28961347E+02
5.85000000E-05,i2,ch_e1,-2.68192112E+03
5.85000000E-05,i1,Tower_e1,3.89861087E+03
5.85000000E-05,i2,Tower_e1,-4.15208641E+03
5.87500000E-05,injectedCurrent,Ttop,0.00000000E+00
5.87500000E-05,voltage,Ttop,-6.55006609E+05
5.87500000E-05,voltage,ch-base,-6.55006609E+05
5.87500000E-05,i1,ch_e1,7.62166510E+02
5.87500000E-05,i2,ch_e1,3.04138410E+03
5.87500000E-05,i1,Tower_e1,-4.40255508E+03
5.87500000E-05,i2,Tower_e1,4.68753299E+03
5.90000000E-05,injectedCurrent,Ttop,0.00000000E+00
5.90000000E-05,voltage,Ttop,7.47036736E+05
5.90000000E-05,voltage,ch-base,7.47036736E+05
5.90000000E-05,i1,ch_e1,-9.05780946E+02
5.90000000E-05,i2,ch_e1,-3.34937636E+03
5.90000000E-05,i1,Tower_e1,4.88216001E+03
5.90000000E-05,i2,Tower_e1,-5.20251521E+03
5.92500000E-05,injectedCurrent,Ttop,0.00000000E+00
5.92500000E-05,voltage,Ttop,-8.20388779E+05
5.92500000E-05,voltage,ch-base,-8.20388779E+05
5.92500000E-05,i1,ch_e1,9.63213027E+02
5.92500000E-05,i2,ch_e1,3.81465214E+03
5.92500000E-05,i1,Tower_e1,-5.54469548E+03
5.92500000E-05,i2,Tower_e1,5.90708895E+03
5.95000000E-05,injectedCurrent,Ttop,0.00000000E+00
5.95000000E-05,voltage,Ttop,9.38925431E+05
5.95000000E-05,voltage,ch-base,9.38925431E+05
5.95000000E-05,i1,ch_e1,-1.14090823E+03
5.95000000E-05,i2,ch_e1,-4.24539090E+03
5.95000000E-05,i1,Tower_e1,6.20817861E+03
5.95000000E-05,i2,Tower_e1,-6.61956505E+03
5.97500000E-05,injectedCurrent,Ttop,0.00000000E+00
5.97500000E-05,voltage,Ttop,-1.04307513E+06
5.97500000E-05,voltage,ch-base,-1.04307513E+06
5.97500000E-05,i1,ch_e1,1.23818661E+03
5.97500000E-05,i2,ch_e1,4.86125098E+03
5.97500000E-05,i1,Tower_e1,-7.09830093E+03
5.97500000E-05,i2,Tower_e1,7.56786100E+03
6.00000000E-05,injectedCurrent,Ttop,0.00000000E+00
6.00000000E-05,voltage,Ttop,1.19944494E+06
6.00000000E-05,voltage,ch-base,1.19944494E+06
6.00000000E-05,i1,ch_e1,-1.46457788E+03
6.00000000E-05,i2,ch_e1,-5.47699635E+03
6.00000000E-05,i1,Tower_e1,8.04045988E+03
6.00000000E-05,i2,Tower_e1,-8.57945953E+03
6.02500000E-05,injectedCurrent,Ttop,0.00000000E+00
6.02500000E-05,voltage,Ttop,-1.34997725E+06
6.02500000E-05,voltage,ch-base,-1.34997725E+06
6.02500000E-05,i1,ch_e1,1.62347743E+03
6.02500000E-05,i2,ch_e1,6.32098336E+03
6.02500000E-05,i1,Tower_e1,-9.27641871E+03
6.02500000E-05,i2,Tower_e1,9.89906019E+03
6.05000000E-05,injectedCurrent,Ttop,0.00000000E+00
6.05000000E-05,voltage,Ttop,1.56398892E+06
6.05000000E-05,voltage,ch-base,1.56398892E+06
6.05000000E-05,i1,ch_e1,-1.92748772E+03
6.05000000E-05,i2,ch_e1,-7.22266168E+03
6.05000000E-05,i1,Tower_e1,1.06535525E+04
6.05000000E-05,i2,Tower_e1,-1.13780020E+04
6.07500000E-05,injectedCurrent,Ttop,0.00000000E+00
6.07500000E-05,voltage,Ttop,-1.78620332E+06
6.07500000E-05,voltage,ch-base,-1.78620332E+06
6.07500000E-05,i1,ch_e1,2.18335427E+03
6.07500000E-05,i2,ch_e1,8.43212539E+03
6.07500000E-05,i1,Tower_e1,-1.24449696E+04
6.07500000E-05,i2,Tower_e1,1.32950848E+04
6.10000000E-05,injectedCurrent,Ttop,0.00000000E+00
6.10000000E-05,voltage,Ttop,2.09265067E+06
6.10000000E-05,voltage,ch-base,2.09265067E+06
6.10000000E-05,i1,ch_e1,-2.61868029E+03
6.10000000E-05,i2,ch_e1,-9.79957948E+03
6.10000000E-05,i1,Tower_e1,1.45366219E+04
6.10000000E-05,i2,Tower_e1,-1.55432784E+04
6.12500000E-05,injectedCurrent,Ttop,0.00000000E+00
6.12500000E-05,voltage,Ttop,-2.43199895E+06
6.12500000E-05,voltage,ch-base,-2.43199895E+06
6.12500000E-05,i1,ch_e1,3.04039147E+03
6.12500000E-05,i2,ch_e1,1.16279522E+04
6.12500000E-05,i1,Tower_e1,-1.72748411E+04
6.12500000E-05,i2,Tower_e1,1.84807299E+04
6.15000000E-05,injectedCurrent,Ttop,0.00000000E+00
6.15000000E-05,voltage,Ttop,2.89460960E+06
6.15000000E-05,voltage,ch-base,2.89460960E+06
6.15000000E-05,i1,ch_e1,-3.70962420E+03
6.15000000E-05,i2,ch_e1,-1.38138065E+04
6.15000000E-05,i1,Tower_e1,2.06288438E+04
6.15000000E-05,i2,Tower_e1,-2.20914753E+04
6.17500000E-05,injectedCurrent,Ttop,0.00000000E+00
6.17500000E-05,voltage,Ttop,-3.43999411E+06
6.17500000E-05,voltage,ch-base,-3.43999411E+06
6.17500000E-05,i1,ch_e1,4.44623991E+03
6.17500000E-05,i2,ch_e1,1.67722139E+04
6.17500000E-05,i1,Tower_e1,-2.51107225E+04
6.17500000E-05,i2,Tower_e1,2.69130463E+04
6.20000000E-05,injectedCurrent,Ttop,0.00000000E+00
6.20000000E-05,voltage,Ttop,4.18673862E+06
6.20000000E-05,voltage,ch-base,4.18673862E+06
6.20000000E-05,i1,ch_e1,-5.57407581E+03
6.20000000E-05,i2,ch_e1,-2.05400762E+04
6.20000000E-05,i1,Tower_e1,3.09182235E+04
6.20000000E-05,i2,Tower_e1,-3.31801667E+04
6.22500000E-05,injectedCurrent,Ttop,0.00000000E+00
6.22500000E-05,voltage,Ttop,-5.12863499E+06
6.22500000E-05,voltage,ch-base,-5.12863499E+06
6.22500000E-05,i1,ch_e1,6.98389829E+03
6.22500000E-05,i2,ch_e1,2.58063444E+04
6.22500000E-05,i1,Tower_e1,-3.89883379E+04
6.22500000E-05,i2,Tower_e1,4.18933496E+04
6.25000000E-05,injectedCurrent,Ttop,0.00000000E+00
6.25000000E-05,voltage,Ttop,6.45072141E+06
6.25000000E-05,voltage,ch-base,6.45072141E+06
6.25000000E-05,i1,ch_e1,-9.15970122E+03
6.25000000E-05,i2,ch_e1,-3.30670382E+04
6.25000000E-05,i1,Tower_e1,5.02431039E+04
6.25000000E-05,i2,Tower_e1,-5.40826532E+04
6.27500000E-05,injectedCurrent,Ttop,0.00000000E+00
6.27500000E-05,voltage,Ttop,-8.25560964E+06
6.27500000E-05,voltage,ch-base,-8.25560964E+06
6.27500000E-05,i1,ch_e1,1.22848397E+04
6.27500000E-05,i2,ch_e1,4.39095704E+04
6.27500000E-05,i1,Tower_e1,-6.70255102E+04
6.27500000E-05,i2,Tower_e1,7.22934386E+04
6.30000000E-05,injectedCurrent,Ttop,0.00000000E+00
6.30000000E-05,voltage,Ttop,1.09339252E+07
6.30000000E-05,voltage,ch-base,1.09339252E+07
6.30000000E-05,i1,ch_e1,-1.74868090E+04
6.30000000E-05,i2,ch_e1,-6.06915587E+04
6.30000000E-05,i1,Tower_e1,9.31527805E+04
6.30000000E-05,i2,Tower_e1,-1.00752569E+05
6.32500000E-05,injectedCurrent,Ttop,0.00000000E+00
6.32500000E-05,voltage,Ttop,-1.49900556E+07
6.32500000E-05,voltage,ch-base,-1.49900556E+07
6.32500000E-05,i1,ch_e1,2.65104153E+04
6.32500000E-05,i2,ch_e1,8.93770753E+04
6.32500000E-05,i1,Tower_e1,-1.37684876E+05
6.32500000E-05,i2,Tower_e1,1.49456242E+05
6.35000000E-05,injectedCurrent,Ttop,0.00000000E+00
6.35000000E-05,voltage,Ttop,2.16498040E+07
6.35000000E-05,voltage,ch-base,2.16498040E+07
6.35000000E-05,i1,ch_e1,-4.49762559E+04
6.35000000E-05,i2,ch_e1,-1.44537888E+05
6.35000000E-05,i1,Tower_e1,2.22638859E+05
6.35000000E-05,i2,Tower_e1,-2.42956282E+05
6.37500000E-05,injectedCurrent,Ttop,0.00000000E+00
6.37500000E-05,voltage,Ttop,-3.31129664E+07
6.37500000E-05,voltage,ch-base,-3.31129664E+07
6.37500000E-05,i1,ch_e1,9.15238370E+04
6.37500000E-05,i2,ch_e1,2.76809451E+05
6.37500000E-05,i1,Tower_e1,-4.19602143E+05
6.37500000E-05,i2,Tower_e1,4.61771209E+05
