frequency_hz,quantity,id,re,im
1.00000000E+01,voltage,Node_1,2.09409854E+01,-8.86243486E-03
1.00000000E+01,voltage,Node_2,2.09404507E+01,-9.81118281E-03
1.00000000E+01,voltage,Node_3,2.09403118E+01,-9.98451744E-03
1.00000000E+01,voltage,Rod_2_n1,2.09404096E+01,-9.85108090E-03
1.00000000E+01,voltage,Rod_2_n2,2.09403756E+01,-9.89359565E-03
1.00000000E+01,voltage,Rod_2_n3,2.09403486E+01,-9.92968809E-03
1.00000000E+01,voltage,Rod_2_n4,2.09403287E+01,-9.95743119E-03
1.00000000E+01,voltage,Rod_2_n5,2.09403162E+01,-9.97590212E-03
1.00000000E+01,voltage,Rod_1_n1,2.09408963E+01,-9.00456063E-03
1.00000000E+01,voltage,Rod_1_n2,2.09408072E+01,-9.16025033E-03
1.00000000E+01,voltage,Rod_1_n3,2.09407180E+01,-9.32037052E-03
1.00000000E+01,voltage,Rod_1_n4,2.09406289E+01,-9.48288310E-03
1.00000000E+01,voltage,Rod_1_n5,2.09405398E+01,-9.64672923E-03
1.33352143E+01,voltage,Node_1,2.09394493E+01,-1.00431719E-02
1.33352143E+01,voltage,Node_2,2.09389141E+01,-1.13083289E-02
1.33352143E+01,voltage,Node_3,2.09387750E+01,-1.15394700E-02
1.33352143E+01,voltage,Rod_2_n1,2.09388730E+01,-1.13615330E-02
1.33352143E+01,voltage,Rod_2_n2,2.09388389E+01,-1.14182262E-02
1.33352143E+01,voltage,Rod_2_n3,2.09388118E+01,-1.14663553E-02
1.33352143E+01,voltage,Rod_2_n4,2.09387920E+01,-1.15033506E-02
1.33352143E+01,voltage,Rod_2_n5,2.09387794E+01,-1.15279815E-02
1.33352143E+01,voltage,Rod_1_n1,2.09393601E+01,-1.02326966E-02
1.33352143E+01,voltage,Rod_1_n2,2.09392709E+01,-1.04403090E-02
1.33352143E+01,voltage,Rod_1_n3,2.09391817E+01,-1.06538296E-02
1.33352143E+01,voltage,Rod_1_n4,2.09390925E+01,-1.08705405E-02
1.33352143E+01,voltage,Rod_1_n5,2.09390033E+01,-1.10890297E-02
1.77827941E+01,voltage,Node_1,2.09376757E+01,-1.13440337E-02
1.77827941E+01,voltage,Node_2,2.09371397E+01,-1.30311033E-02
1.77827941E+01,voltage,Node_3,2.09370004E+01,-1.33393241E-02
1.77827941E+01,voltage,Rod_2_n1,2.09370985E+01,-1.31020493E-02
1.77827941E+01,voltage,Rod_2_n2,2.09370644E+01,-1.31776482E-02
1.77827941E+01,voltage,Rod_2_n3,2.09370373E+01,-1.32418272E-02
1.77827941E+01,voltage,Rod_2_n4,2.09370174E+01,-1.32911596E-02
1.77827941E+01,voltage,Rod_2_n5,2.09370048E+01,-1.33240044E-02
1.77827941E+01,voltage,Rod_1_n1,2.09375864E+01,-1.15967615E-02
1.77827941E+01,voltage,Rod_1_n2,2.09374970E+01,-1.18736097E-02
1.77827941E+01,voltage,Rod_1_n3,2.09374077E+01,-1.21583366E-02
1.77827941E+01,voltage,Rod_1_n4,2.09373183E+01,-1.24473178E-02
1.77827941E+01,voltage,Rod_1_n5,2.09372290E+01,-1.27386704E-02
2.37137371E+01,voltage,Node_1,2.09356282E+01,-1.27612000E-02
2.37137371E+01,voltage,Node_2,2.09350907E+01,-1.50108387E-02
2.37137371E+01,voltage,Node_3,2.09349511E+01,-1.54218317E-02
2.37137371E+01,voltage,Rod_2_n1,2.09350494E+01,-1.51054399E-02
2.37137371E+01,voltage,Rod_2_n2,2.09350152E+01,-1.52062462E-02
2.37137371E+01,voltage,Rod_2_n3,2.09349880E+01,-1.52918249E-02
2.37137371E+01,voltage,Rod_2_n4,2.09349681E+01,-1.53576068E-02
2.37137371E+01,voltage,Rod_2_n5,2.09349555E+01,-1.54014035E-02
2.37137371E+01,voltage,Rod_1_n1,2.09355387E+01,-1.30982005E-02
2.37137371E+01,voltage,Rod_1_n2,2.09354491E+01,-1.34673661E-02
2.37137371E+01,voltage,Rod_1_n3,2.09353595E+01,-1.38470380E-02
2.37137371E+01,voltage,Rod_1_n4,2.09352699E+01,-1.42323832E-02
2.37137371E+01,voltage,Rod_1_n5,2.09351803E+01,-1.46208907E-02
3.16227766E+01,voltage,Node_1,2.09332650E+01,-1.42850681E-02
3.16227766E+01,voltage,Node_2,2.09327248E+01,-1.72847625E-02
3.16227766E+01,voltage,Node_3,2.09325845E+01,-1.78327680E-02
3.16227766E+01,voltage,Rod_2_n1,2.09326833E+01,-1.74108982E-02
3.16227766E+01,voltage,Rod_2_n2,2.09326489E+01,-1.75453100E-02
3.16227766E+01,voltage,Rod_2_n3,2.09326216E+01,-1.76594186E-02
3.16227766E+01,voltage,Rod_2_n4,2.09326016E+01,-1.77471309E-02
3.16227766E+01,voltage,Rod_2_n5,2.09325889E+01,-1.78055288E-02
3.16227766E+01,voltage,Rod_1_n1,2.09331750E+01,-1.47344242E-02
3.16227766E+01,voltage,Rod_1_n2,2.09330849E+01,-1.52266733E-02
3.16227766E+01,voltage,Rod_1_n3,2.09329949E+01,-1.57329328E-02
3.16227766E+01,voltage,Rod_1_n4,2.09329049E+01,-1.62467577E-02
3.16227766E+01,voltage,Rod_1_n5,2.09328148E+01,-1.67647996E-02
4.21696503E+01,voltage,Node_1,2.09305378E+01,-1.58941391E-02
4.21696503E+01,voltage,Node_2,2.09299930E+01,-1.98937175E-02
4.21696503E+01,voltage,Node_3,2.09298514E+01,-2.06243468E-02
4.21696503E+01,voltage,Rod_2_n1,2.09299511E+01,-2.00618806E-02
4.21696503E+01,voltage,Rod_2_n2,2.09299164E+01,-2.02410851E-02
4.21696503E+01,voltage,Rod_2_n3,2.09298889E+01,-2.03932222E-02
4.21696503E+01,voltage,Rod_2_n4,2.09298687E+01,-2.05101668E-02
4.21696503E+01,voltage,Rod_2_n5,2.09298559E+01,-2.05880279E-02
4.21696503E+01,voltage,Rod_1_n1,2.09304470E+01,-1.64932688E-02
4.21696503E+01,voltage,Rod_1_n2,2.09303562E+01,-1.71495970E-02
4.21696503E+01,voltage,Rod_1_n3,2.09302654E+01,-1.78246085E-02
4.21696503E+01,voltage,Rod_1_n4,2.09301746E+01,-1.85097086E-02
4.21696503E+01,voltage,Rod_1_n5,2.09300838E+01,-1.92004323E-02
5.62341325E+01,voltage,Node_1,2.09273918E+01,-1.75527242E-02
5.62341325E+01,voltage,Node_2,2.09268388E+01,-2.28849047E-02
5.62341325E+01,voltage,Node_3,2.09266951E+01,-2.38588694E-02
5.62341325E+01,voltage,Rod_2_n1,2.09267963E+01,-2.31090550E-02
5.62341325E+01,voltage,Rod_2_n2,2.09267611E+01,-2.33479430E-02
5.62341325E+01,voltage,Rod_2_n3,2.09267332E+01,-2.35507533E-02
5.62341325E+01,voltage,Rod_2_n4,2.09267126E+01,-2.37066513E-02
5.62341325E+01,voltage,Rod_2_n5,2.09266997E+01,-2.38104488E-02
5.62341325E+01,voltage,Rod_1_n1,2.09272996E+01,-1.83514526E-02
5.62341325E+01,voltage,Rod_1_n2,2.09272075E+01,-1.92264566E-02
5.62341325E+01,voltage,Rod_1_n3,2.09271153E+01,-2.01263750E-02
5.62341325E+01,voltage,Rod_1_n4,2.09270231E+01,-2.10397469E-02
5.62341325E+01,voltage,Rod_1_n5,2.09269310E+01,-2.19606178E-02
7.49894209E+01,voltage,Node_1,2.09237643E+01,-1.92025309E-02
7.49894209E+01,voltage,Node_2,2.09231972E+01,-2.63100387E-02
7.49894209E+01,voltage,Node_3,2.09230499E+01,-2.76080496E-02
7.49894209E+01,voltage,Rod_2_n1,2.09231537E+01,-2.66087190E-02
7.49894209E+01,voltage,Rod_2_n2,2.09231176E+01,-2.69270864E-02
7.49894209E+01,voltage,Rod_2_n3,2.09230890E+01,-2.71973833E-02
7.49894209E+01,voltage,Rod_2_n4,2.09230679E+01,-2.74051621E-02
7.49894209E+01,voltage,Rod_2_n5,2.09230546E+01,-2.75435059E-02
7.49894209E+01,voltage,Rod_1_n1,2.09236698E+01,-2.02671408E-02
7.49894209E+01,voltage,Rod_1_n2,2.09235753E+01,-2.14334658E-02
7.49894209E+01,voltage,Rod_1_n3,2.09234808E+01,-2.26330148E-02
7.49894209E+01,voltage,Rod_1_n4,2.09233862E+01,-2.38505043E-02
7.49894209E+01,voltage,Rod_1_n5,2.09232917E+01,-2.50779939E-02
1.00000000E+02,voltage,Node_1,2.09195839E+01,-2.07555421E-02
1.00000000E+02,voltage,Node_2,2.09189934E+01,-3.02267281E-02
1.00000000E+02,voltage,Node_3,2.09188399E+01,-3.19558879E-02
1.00000000E+02,voltage,Rod_2_n1,2.09189481E+01,-3.06245106E-02
1.00000000E+02,voltage,Rod_2_n2,2.09189105E+01,-3.10486266E-02
1.00000000E+02,voltage,Rod_2_n3,2.09188806E+01,-3.14087282E-02
1.00000000E+02,voltage,Rod_2_n4,2.09188587E+01,-3.16855516E-02
1.00000000E+02,voltage,Rod_2_n5,2.09188448E+01,-3.18698750E-02
1.00000000E+02,voltage,Rod_1_n1,2.09194855E+01,-2.21740843E-02
1.00000000E+02,voltage,Rod_1_n2,2.09193871E+01,-2.37282657E-02
1.00000000E+02,voltage,Rod_1_n3,2.09192886E+01,-2.53267520E-02
1.00000000E+02,voltage,Rod_1_n4,2.09191902E+01,-2.69491622E-02
1.00000000E+02,voltage,Rod_1_n5,2.09190918E+01,-2.85849079E-02
1.33352143E+02,voltage,Node_1,2.09147692E+01,-2.20834392E-02
1.33352143E+02,voltage,Node_2,2.09141407E+01,-3.46989349E-02
1.33352143E+02,voltage,Node_3,2.09139775E+01,-3.70010430E-02
1.33352143E+02,voltage,Rod_2_n1,2.09140926E+01,-3.52282861E-02
1.33352143E+02,voltage,Rod_2_n2,2.09140526E+01,-3.57929297E-02
1.33352143E+02,voltage,Rod_2_n3,2.09140208E+01,-3.62723985E-02
1.33352143E+02,voltage,Rod_2_n4,2.09139974E+01,-3.66410076E-02
1.33352143E+02,voltage,Rod_2_n5,2.09139827E+01,-3.68864648E-02
1.33352143E+02,voltage,Rod_1_n1,2.09146645E+01,-2.39726732E-02
1.33352143E+02,voltage,Rod_1_n2,2.09145597E+01,-2.60427851E-02
1.33352143E+02,voltage,Rod_1_n3,2.09144550E+01,-2.81719786E-02
1.33352143E+02,voltage,Rod_1_n4,2.09143502E+01,-3.03330751E-02
1.33352143E+02,voltage,Rod_1_n5,2.09142455E+01,-3.25119548E-02
1.77827941E+02,voltage,Node_1,2.09092255E+01,-2.30025304E-02
1.77827941E+02,voltage,Node_2,2.09085395E+01,-3.97966858E-02
1.77827941E+02,voltage,Node_3,2.09083614E+01,-4.28591122E-02
1.77827941E+02,voltage,Rod_2_n1,2.09084870E+01,-4.05003936E-02
1.77827941E+02,voltage,Rod_2_n2,2.09084433E+01,-4.12515207E-02
1.77827941E+02,voltage,Rod_2_n3,2.09084087E+01,-4.18894433E-02
1.77827941E+02,voltage,Rod_2_n4,2.09083831E+01,-4.23799171E-02
1.77827941E+02,voltage,Rod_2_n5,2.09083670E+01,-4.27065606E-02
1.77827941E+02,voltage,Rod_1_n1,2.09091112E+01,-2.55170515E-02
1.77827941E+02,voltage,Rod_1_n2,2.09089969E+01,-2.82727770E-02
1.77827941E+02,voltage,Rod_1_n3,2.09088825E+01,-3.11072890E-02
1.77827941E+02,voltage,Rod_1_n4,2.09087682E+01,-3.39843444E-02
1.77827941E+02,voltage,Rod_1_n5,2.09086539E+01,-3.68851140E-02
2.37137371E+02,voltage,Node_1,2.09028402E+01,-2.32523715E-02
2.37137371E+02,voltage,Node_2,2.09020740E+01,-4.55957452E-02
2.37137371E+02,voltage,Node_3,2.09018749E+01,-4.96660766E-02
2.37137371E+02,voltage,Rod_2_n1,2.09020154E+01,-4.65301991E-02
2.37137371E+02,voltage,Rod_2_n2,2.09019666E+01,-4.75285349E-02
2.37137371E+02,voltage,Rod_2_n3,2.09019278E+01,-4.83765910E-02
2.37137371E+02,voltage,Rod_2_n4,2.09018993E+01,-4.90287146E-02
2.37137371E+02,voltage,Rod_2_n5,2.09018813E+01,-4.94630788E-02
2.37137371E+02,voltage,Rod_1_n1,2.09027125E+01,-2.65968737E-02
2.37137371E+02,voltage,Rod_1_n2,2.09025848E+01,-3.02630274E-02
2.37137371E+02,voltage,Rod_1_n3,2.09024571E+01,-3.40342445E-02
2.37137371E+02,voltage,Rod_1_n4,2.09023294E+01,-3.78621942E-02
2.37137371E+02,voltage,Rod_1_n5,2.09022017E+01,-4.17217672E-02
3.16227766E+02,voltage,Node_1,2.08954775E+01,-2.24633855E-02
3.16227766E+02,voltage,Node_2,2.08946095E+01,-5.21761573E-02
3.16227766E+02,voltage,Node_3,2.08943840E+01,-5.75826157E-02
3.16227766E+02,voltage,Rod_2_n1,2.08945433E+01,-5.34159862E-02
3.16227766E+02,voltage,Rod_2_n2,2.08944880E+01,-5.47420322E-02
3.16227766E+02,voltage,Rod_2_n3,2.08944440E+01,-5.58687594E-02
3.16227766E+02,voltage,Rod_2_n4,2.08944117E+01,-5.67353084E-02
3.16227766E+02,voltage,Rod_2_n5,2.08943912E+01,-5.73126014E-02
3.16227766E+02,voltage,Rod_1_n1,2.08953329E+01,-2.69095850E-02
3.16227766E+02,voltage,Rod_1_n2,2.08951882E+01,-3.17847135E-02
3.16227766E+02,voltage,Rod_1_n3,2.08950435E+01,-3.67999464E-02
3.16227766E+02,voltage,Rod_1_n4,2.08948989E+01,-4.18908334E-02
3.16227766E+02,voltage,Rod_1_n5,2.08947542E+01,-4.70238906E-02
4.21696503E+02,voltage,Node_1,2.08869769E+01,-2.01116838E-02
4.21696503E+02,voltage,Node_2,2.08859903E+01,-5.96194916E-02
4.21696503E+02,voltage,Node_3,2.08857339E+01,-6.67993578E-02
4.21696503E+02,voltage,Rod_2_n1,2.08859152E+01,-6.12641016E-02
4.21696503E+02,voltage,Rod_2_n2,2.08858523E+01,-6.30251073E-02
4.21696503E+02,voltage,Rod_2_n3,2.08858023E+01,-6.45218202E-02
4.21696503E+02,voltage,Rod_2_n4,2.08857655E+01,-6.56731113E-02
4.21696503E+02,voltage,Rod_2_n5,2.08857422E+01,-6.64402450E-02
4.21696503E+02,voltage,Rod_1_n1,2.08868125E+01,-2.60216512E-02
4.21696503E+02,voltage,Rod_1_n2,2.08866481E+01,-3.25036045E-02
4.21696503E+02,voltage,Rod_1_n3,2.08864837E+01,-3.91723899E-02
4.21696503E+02,voltage,Rod_1_n4,2.08863192E+01,-4.59420618E-02
4.21696503E+02,voltage,Rod_1_n5,2.08861548E+01,-5.27679686E-02
5.62341325E+02,voltage,Node_1,2.08771563E+01,-1.54642583E-02
5.62341325E+02,voltage,Node_2,2.08760370E+01,-6.80059303E-02
5.62341325E+02,voltage,Node_3,2.08757459E+01,-7.75434291E-02
5.62341325E+02,voltage,Rod_2_n1,2.08759521E+01,-7.01882206E-02
5.62341325E+02,voltage,Rod_2_n2,2.08758807E+01,-7.25274739E-02
5.62341325E+02,voltage,Rod_2_n3,2.08758239E+01,-7.45161540E-02
5.62341325E+02,voltage,Rod_2_n4,2.08757819E+01,-7.60461103E-02
5.62341325E+02,voltage,Rod_2_n5,2.08757554E+01,-7.70657389E-02
5.62341325E+02,voltage,Rod_1_n1,2.08769698E+01,-2.33215204E-02
5.62341325E+02,voltage,Rod_1_n2,2.08767832E+01,-3.19415381E-02
5.62341325E+02,voltage,Rod_1_n3,2.08765967E+01,-4.08107003E-02
5.62341325E+02,voltage,Rod_1_n4,2.08764102E+01,-4.98143968E-02
5.62341325E+02,voltage,Rod_1_n5,2.08762236E+01,-5.88930837E-02
7.49894209E+02,voltage,Node_1,2.08658127E+01,-7.51231393E-03
7.49894209E+02,voltage,Node_2,2.08645436E+01,-7.74105512E-02
7.49894209E+02,voltage,Node_3,2.08642132E+01,-9.00857277E-02
7.49894209E+02,voltage,Rod_2_n1,2.08644477E+01,-8.03080522E-02
7.49894209E+02,voltage,Rod_2_n2,2.08643667E+01,-8.34168664E-02
7.49894209E+02,voltage,Rod_2_n3,2.08643021E+01,-8.60603627E-02
7.49894209E+02,voltage,Rod_2_n4,2.08642544E+01,-8.80943664E-02
7.49894209E+02,voltage,Rod_2_n5,2.08642241E+01,-8.94501231E-02
7.49894209E+02,voltage,Rod_1_n1,2.08656012E+01,-1.79622734E-02
7.49894209E+02,voltage,Rod_1_n2,2.08653897E+01,-2.94293837E-02
7.49894209E+02,voltage,Rod_1_n3,2.08651782E+01,-4.12287336E-02
7.49894209E+02,voltage,Rod_1_n4,2.08649667E+01,-5.32074877E-02
7.49894209E+02,voltage,Rod_1_n5,2.08647552E+01,-6.52862431E-02
1.00000000E+03,voltage,Node_1,2.08527151E+01,5.12001997E-03
1.00000000E+03,voltage,Node_2,2.08512730E+01,-8.78973849E-02
1.00000000E+03,voltage,Node_3,2.08508967E+01,-1.04750005E-01
1.00000000E+03,voltage,Rod_2_n1,2.08511646E+01,-9.17467382E-02
1.00000000E+03,voltage,Rod_2_n2,2.08510724E+01,-9.58801224E-02
1.00000000E+03,voltage,Rod_2_n3,2.08509987E+01,-9.93955053E-02
1.00000000E+03,voltage,Rod_2_n4,2.08509441E+01,-1.02100686E-01
1.00000000E+03,voltage,Rod_2_n5,2.08509094E+01,-1.03904050E-01
1.00000000E+03,voltage,Rod_1_n1,2.08524748E+01,-8.78299306E-03
1.00000000E+03,voltage,Rod_1_n2,2.08522345E+01,-2.40423983E-02
1.00000000E+03,voltage,Rod_1_n3,2.08519942E+01,-3.97448523E-02
1.00000000E+03,voltage,Rod_1_n4,2.08517538E+01,-5.56865456E-02
1.00000000E+03,voltage,Rod_1_n5,2.08515134E+01,-7.17615926E-02
1.33352143E+03,voltage,Node_1,2.08375950E+01,2.43057188E-02
1.33352143E+03,voltage,Node_2,2.08359514E+01,-9.95099549E-02
1.33352143E+03,voltage,Node_3,2.08355210E+01,-1.21925196E-01
1.33352143E+03,voltage,Rod_2_n1,2.08358288E+01,-1.04626370E-01
1.33352143E+03,voltage,Rod_2_n2,2.08357234E+01,-1.10124043E-01
1.33352143E+03,voltage,Rod_2_n3,2.08356389E+01,-1.14800504E-01
1.33352143E+03,voltage,Rod_2_n4,2.08355760E+01,-1.18399523E-01
1.33352143E+03,voltage,Rod_2_n5,2.08355359E+01,-1.20799019E-01
1.33352143E+03,voltage,Rod_1_n1,2.08373212E+01,5.80325766E-03
1.33352143E+03,voltage,Rod_1_n2,2.08370474E+01,-1.45079816E-02
1.33352143E+03,voltage,Rod_1_n3,2.08367735E+01,-3.54100357E-02
1.33352143E+03,voltage,Rod_1_n4,2.08364995E+01,-5.66311205E-02
1.33352143E+03,voltage,Rod_1_n5,2.08362255E+01,-7.80300352E-02
1.77827941E+03,voltage,Node_1,2.08201416E+01,5.25916149E-02
1.77827941E+03,voltage,Node_2,2.08182631E+01,-1.12257152E-01
1.77827941E+03,voltage,Node_3,2.08177684E+01,-1.42080836E-01
1.77827941E+03,voltage,Rod_2_n1,2.08181243E+01,-1.19060647E-01
1.77827941E+03,voltage,Rod_2_n2,2.08180034E+01,-1.26375295E-01
1.77827941E+03,voltage,Rod_2_n3,2.08179058E+01,-1.32598199E-01
1.77827941E+03,voltage,Rod_2_n4,2.08178329E+01,-1.37387773E-01
1.77827941E+03,voltage,Rod_2_n5,2.08177860E+01,-1.40581324E-01
1.77827941E+03,voltage,Rod_1_n1,2.08198287E+01,2.79618674E-02
1.77827941E+03,voltage,Rod_1_n2,2.08195158E+01,9.20075659E-04
1.77827941E+03,voltage,Rod_1_n3,2.08192027E+01,-2.69095803E-02
1.77827941E+03,voltage,Rod_1_n4,2.08188896E+01,-5.51646704E-02
1.77827941E+03,voltage,Rod_1_n5,2.08185764E+01,-8.36569005E-02
2.37137371E+03,voltage,Node_1,2.07999971E+01,9.34308486E-02
2.37137371E+03,voltage,Node_2,2.07978444E+01,-1.26094149E-01
2.37137371E+03,voltage,Node_3,2.07972722E+01,-1.65786462E-01
2.37137371E+03,voltage,Rod_2_n1,2.07976874E+01,-1.35144570E-01
2.37137371E+03,voltage,Rod_2_n2,2.07975480E+01,-1.44879544E-01
2.37137371E+03,voltage,Rod_2_n3,2.07974345E+01,-1.53162517E-01
2.37137371E+03,voltage,Rod_2_n4,2.07973491E+01,-1.59538114E-01
2.37137371E+03,voltage,Rod_2_n5,2.07972937E+01,-1.63789510E-01
2.37137371E+03,voltage,Rod_1_n1,2.07996387E+01,6.06372801E-02
2.37137371E+03,voltage,Rod_1_n2,2.07992802E+01,2.46271988E-02
2.37137371E+03,voltage,Rod_1_n3,2.07989214E+01,-1.24335164E-02
2.37137371E+03,voltage,Rod_1_n4,2.07985626E+01,-5.00615570E-02
2.37137371E+03,voltage,Rod_1_n5,2.07982036E+01,-8.80058285E-02
3.16227766E+03,voltage,Node_1,2.07767518E+01,1.51492369E-01
3.16227766E+03,voltage,Node_2,2.07742773E+01,-1.40896100E-01
3.16227766E+03,voltage,Node_3,2.07736100E+01,-1.93736293E-01
3.16227766E+03,voltage,Rod_2_n1,2.07741000E+01,-1.52939767E-01
3.16227766E+03,voltage,Rod_2_n2,2.07739381E+01,-1.65899273E-01
3.16227766E+03,voltage,Rod_2_n3,2.07738046E+01,-1.76926925E-01
3.16227766E+03,voltage,Rod_2_n4,2.07737032E+01,-1.85415659E-01
3.16227766E+03,voltage,Rod_2_n5,2.07736367E+01,-1.91076495E-01
3.16227766E+03,voltage,Rod_1_n1,2.07763402E+01,1.07820247E-01
3.16227766E+03,voltage,Rod_1_n2,2.07759281E+01,5.98588345E-02
3.16227766E+03,voltage,Rod_1_n3,2.07755158E+01,1.04963794E-02
3.16227766E+03,voltage,Rod_1_n4,2.07751032E+01,-3.96226162E-02
3.16227766E+03,voltage,Rod_1_n5,2.07746904E+01,-9.01633123E-02
4.21696503E+03,voltage,Node_1,2.07499369E+01,2.33076186E-01
4.21696503E+03,voltage,Node_2,2.07470819E+01,-1.56421545E-01
4.21696503E+03,voltage,Node_3,2.07462943E+01,-2.26780884E-01
4.21696503E+03,voltage,Rod_2_n1,2.07468821E+01,-1.72453477E-01
4.21696503E+03,voltage,Rod_2_n2,2.07466922E+01,-1.89709510E-01
4.21696503E+03,voltage,Rod_2_n3,2.07465330E+01,-2.04394398E-01
4.21696503E+03,voltage,Rod_2_n4,2.07464103E+01,-2.15698877E-01
4.21696503E+03,voltage,Rod_2_n5,2.07463285E+01,-2.23237788E-01
4.21696503E+03,voltage,Rod_1_n1,2.07494624E+01,1.74906570E-01
4.21696503E+03,voltage,Rod_1_n2,2.07489873E+01,1.11017093E-01
4.21696503E+03,voltage,Rod_1_n3,2.07485116E+01,4.52592931E-02
4.21696503E+03,voltage,Rod_1_n4,2.07480355E+01,-2.15073698E-02
4.21696503E+03,voltage,Rod_1_n5,2.07475590E+01,-8.88363790E-02
5.62341325E+03,voltage,Node_1,2.07190187E+01,3.46668606E-01
5.62341325E+03,voltage,Node_2,2.07157087E+01,-1.72262249E-01
5.62341325E+03,voltage,Node_3,2.07147634E+01,-2.65968004E-01
5.62341325E+03,voltage,Rod_2_n1,2.07154840E+01,-1.93609207E-01
5.62341325E+03,voltage,Rod_2_n2,2.07152584E+01,-2.16590801E-01
5.62341325E+03,voltage,Rod_2_n3,2.07150647E+01,-2.36149387E-01
5.62341325E+03,voltage,Rod_2_n4,2.07149125E+01,-2.51206173E-01
5.62341325E+03,voltage,Rod_2_n5,2.07148091E+01,-2.61247805E-01
5.62341325E+03,voltage,Rod_1_n1,2.07184695E+01,2.69176970E-01
5.62341325E+03,voltage,Rod_1_n2,2.07179190E+01,1.84057771E-01
5.62341325E+03,voltage,Rod_1_n3,2.07173677E+01,9.64471213E-02
5.62341325E+03,voltage,Rod_1_n4,2.07168155E+01,7.49112835E-03
5.62341325E+03,voltage,Rod_1_n5,2.07162625E+01,-8.22147658E-02
7.49894209E+03,voltage,Node_1,2.06833939E+01,5.03684085E-01
7.49894209E+03,voltage,Node_2,2.06795310E+01,-1.87774743E-01
7.49894209E+03,voltage,Node_3,2.06783700E+01,-3.12595542E-01
7.49894209E+03,voltage,Rod_2_n1,2.06792790E+01,-2.16206058E-01
7.49894209E+03,voltage,Rod_2_n2,2.06790059E+01,-2.46818303E-01
7.49894209E+03,voltage,Rod_2_n3,2.06787638E+01,-2.72872211E-01
7.49894209E+03,voltage,Rod_2_n4,2.06785690E+01,-2.92929747E-01
7.49894209E+03,voltage,Rod_2_n5,2.06784334E+01,-3.06306699E-01
7.49894209E+03,voltage,Rod_1_n1,2.06827544E+01,4.00438447E-01
7.49894209E+03,voltage,Rod_1_n2,2.06821127E+01,2.87021278E-01
7.49894209E+03,voltage,Rod_1_n3,2.06814694E+01,1.70281695E-01
7.49894209E+03,voltage,Rod_1_n4,2.06808247E+01,5.17480621E-02
7.49894209E+03,voltage,Rod_1_n5,2.06801786E+01,-6.77855826E-02
1.00000000E+04,voltage,Node_1,2.06423881E+01,7.19456215E-01
1.00000000E+04,voltage,Node_2,2.06378379E+01,-2.01987344E-01
1.00000000E+04,voltage,Node_3,2.06363673E+01,-3.68280334E-01
1.00000000E+04,voltage,Rod_2_n1,2.06375560E+01,-2.39862849E-01
1.00000000E+04,voltage,Rod_2_n2,2.06372168E+01,-2.80645585E-01
1.00000000E+04,voltage,Rod_2_n3,2.06369038E+01,-3.15356605E-01
1.00000000E+04,voltage,Rod_2_n4,2.06366445E+01,-3.42079085E-01
1.00000000E+04,voltage,Rod_2_n5,2.06364591E+01,-3.59901108E-01
1.00000000E+04,voltage,Rod_1_n1,2.06416374E+01,5.81881271E-01
1.00000000E+04,voltage,Rod_1_n2,2.06408827E+01,4.30742337E-01
1.00000000E+04,voltage,Rod_1_n3,2.06401254E+01,2.75172867E-01
1.00000000E+04,voltage,Rod_1_n4,2.06393654E+01,1.17210973E-01
1.00000000E+04,voltage,Rod_1_n5,2.06386029E+01,-4.20844657E-02
1.33352143E+04,voltage,Node_1,2.05952607E+01,1.01456108E+00
1.33352143E+04,voltage,Node_2,2.05898302E+01,-2.13474394E-01
1.33352143E+04,voltage,Node_3,2.05878938E+01,-4.35048084E-01
1.33352143E+04,voltage,Rod_2_n1,2.05895151E+01,-2.63941907E-01
1.33352143E+04,voltage,Rod_2_n2,2.05890795E+01,-3.18281336E-01
1.33352143E+04,voltage,Rod_2_n3,2.05886579E+01,-3.64531383E-01
1.33352143E+04,voltage,Rod_2_n4,2.05882973E+01,-4.00137172E-01
1.33352143E+04,voltage,Rod_2_n5,2.05880324E+01,-4.23883355E-01
1.33352143E+04,voltage,Rod_1_n1,2.05943692E+01,8.31223641E-01
1.33352143E+04,voltage,Rod_1_n2,2.05934707E+01,6.29798242E-01
1.33352143E+04,voltage,Rod_1_n3,2.05925674E+01,4.22464558E-01
1.33352143E+04,voltage,Rod_1_n4,2.05916596E+01,2.11940479E-01
1.33352143E+04,voltage,Rod_1_n5,2.05907471E+01,-3.61938518E-04
1.77827941E+04,voltage,Node_1,2.05412222E+01,1.41658393E+00
1.77827941E+04,voltage,Node_2,2.05346216E+01,-2.20186787E-01
1.77827941E+04,voltage,Node_3,2.05319534E+01,-5.15451315E-01
1.77827941E+04,voltage,Rod_2_n1,2.05342678E+01,-2.87445808E-01
1.77827941E+04,voltage,Rod_2_n2,2.05336852E+01,-3.59856654E-01
1.77827941E+04,voltage,Rod_2_n3,2.05330908E+01,-4.21487628E-01
1.77827941E+04,voltage,Rod_2_n4,2.05325656E+01,-4.68933677E-01
1.77827941E+04,voltage,Rod_2_n5,2.05321701E+01,-5.00575177E-01
1.77827941E+04,voltage,Rod_1_n1,2.05401462E+01,1.17224007E+00
1.77827941E+04,voltage,Rod_1_n2,2.05390578E+01,9.03775307E-01
1.77827941E+04,voltage,Rod_1_n3,2.05379609E+01,6.27431543E-01
1.77827941E+04,voltage,Rod_1_n4,2.05368558E+01,3.46833193E-01
1.77827941E+04,voltage,Rod_1_n5,2.05357427E+01,6.38633160E-02
2.37137371E+04,voltage,Node_1,2.04794743E+01,1.96247722E+00
2.37137371E+04,voltage,Node_2,2.04712495E+01,-2.19224404E-01
2.37137371E+04,voltage,Node_3,2.04673902E+01,-6.12724646E-01
2.37137371E+04,voltage,Rod_2_n1,2.04708468E+01,-3.08878318E-01
2.37137371E+04,voltage,Rod_2_n2,2.04700305E+01,-4.05380026E-01
2.37137371E+04,voltage,Rod_2_n3,2.04691527E+01,-4.87513436E-01
2.37137371E+04,voltage,Rod_2_n4,2.04683539E+01,-5.50740868E-01
2.37137371E+04,voltage,Rod_2_n5,2.04677391E+01,-5.92904218E-01
2.37137371E+04,voltage,Rod_1_n1,2.04781462E+01,1.63680163E+00
2.37137371E+04,voltage,Rod_1_n2,2.04767961E+01,1.27895976E+00
2.37137371E+04,voltage,Rod_1_n3,2.04754310E+01,9.10610627E-01
2.37137371E+04,voltage,Rod_1_n4,2.04740514E+01,5.36587598E-01
2.37137371E+04,voltage,Rod_1_n5,2.04726575E+01,1.59401888E-01
3.16227766E+04,voltage,Node_1,2.04092913E+01,2.70170748E+00
3.16227766E+04,voltage,Node_2,2.03987061E+01,-2.06531636E-01
3.16227766E+04,voltage,Node_3,2.03928548E+01,-7.30989881E-01
3.16227766E+04,voltage,Rod_2_n1,2.03982338E+01,-3.26058256E-01
3.16227766E+04,voltage,Rod_2_n2,2.03970337E+01,-4.54676527E-01
3.16227766E+04,voltage,Rod_2_n3,2.03956801E+01,-5.64139263E-01
3.16227766E+04,voltage,Rod_2_n4,2.03944174E+01,-6.48400229E-01
3.16227766E+04,voltage,Rod_2_n5,2.03934295E+01,-7.04584377E-01
3.16227766E+04,voltage,Rod_1_n1,2.04076028E+01,2.26759901E+00
3.16227766E+04,voltage,Rod_1_n2,2.04058753E+01,1.79059475E+00
3.16227766E+04,voltage,Rod_1_n3,2.04041211E+01,1.29957778E+00
3.16227766E+04,voltage,Rod_1_n4,2.04023413E+01,8.00993741E-01
3.16227766E+04,voltage,Rod_1_n5,2.04005363E+01,2.98191687E-01
4.21696503E+04,voltage,Node_1,2.03301756E+01,3.70045498E+00
4.21696503E+04,voltage,Node_2,2.03160034E+01,-1.76491521E-01
4.21696503E+04,voltage,Node_3,2.03067548E+01,-8.75527633E-01
4.21696503E+04,voltage,Rod_2_n1,2.03154184E+01,-3.35871992E-01
4.21696503E+04,voltage,Rod_2_n2,2.03135723E+01,-5.07307327E-01
4.21696503E+04,voltage,Rod_2_n3,2.03114064E+01,-6.53198506E-01
4.21696503E+04,voltage,Rod_2_n4,2.03093473E+01,-7.65490757E-01
4.21696503E+04,voltage,Rod_2_n5,2.03077176E+01,-8.40355087E-01
4.21696503E+04,voltage,Rod_1_n1,2.03279477E+01,3.12177681E+00
4.21696503E+04,voltage,Rod_1_n2,2.03256506E+01,2.48589292E+00
4.21696503E+04,voltage,Rod_1_n3,2.03233063E+01,1.83132015E+00
4.21696503E+04,voltage,Rod_1_n4,2.03209166E+01,1.16665456E+00
4.21696503E+04,voltage,Rod_1_n5,2.03184822E+01,4.96362853E-01
5.62341325E+04,voltage,Node_1,2.02421437E+01,5.04721985E+00
5.62341325E+04,voltage,Node_2,2.02222994E+01,-1.21386985E-01
5.62341325E+04,voltage,Node_3,2.02071798E+01,-1.05313781E+00
5.62341325E+04,voltage,Rod_2_n1,2.02215137E+01,-3.33946819E-01
5.62341325E+04,voltage,Rod_2_n2,2.02185609E+01,-5.62465480E-01
5.62341325E+04,voltage,Rod_2_n3,2.02149919E+01,-7.56910527E-01
5.62341325E+04,voltage,Rod_2_n4,2.02115534E+01,-9.06554318E-01
5.62341325E+04,voltage,Rod_2_n5,2.02088122E+01,-1.00629991E+00
5.62341325E+04,voltage,Rod_1_n1,2.02390739E+01,4.27578547E+00
5.62341325E+04,voltage,Rod_1_n2,2.02358814E+01,3.42805815E+00
5.62341325E+04,voltage,Rod_1_n3,2.02326053E+01,2.55540237E+00
5.62341325E+04,voltage,Rod_1_n4,2.02292490E+01,1.66928278E+00
5.62341325E+04,voltage,Rod_1_n5,2.02258135E+01,7.75657401E-01
7.49894209E+04,voltage,Node_1,2.01462437E+01,6.86031097E+00
7.49894209E+04,voltage,Node_2,2.01171317E+01,-3.06892213E-02
7.49894209E+04,voltage,Node_3,2.00917801E+01,-1.27261858E+00
7.49894209E+04,voltage,Rod_2_n1,2.01159683E+01,-3.14223967E-01
7.49894209E+04,voltage,Rod_2_n2,2.01110969E+01,-6.18845043E-01
7.49894209E+04,voltage,Rod_2_n3,2.01050859E+01,-8.77997543E-01
7.49894209E+04,voltage,Rod_2_n4,2.00992443E+01,-1.07739969E+00
7.49894209E+04,voltage,Rod_2_n5,2.00945702E+01,-1.21027205E+00
7.49894209E+04,voltage,Rod_1_n1,2.01418125E+01,5.83186350E+00
7.49894209E+04,voltage,Rod_1_n2,2.01371636E+01,4.70165869E+00
7.49894209E+04,voltage,Rod_1_n3,2.01323670E+01,3.53819573E+00
7.49894209E+04,voltage,Rod_1_n4,2.01274283E+01,2.35676669E+00
7.49894209E+04,voltage,Rod_1_n5,2.01223495E+01,1.16532049E+00
1.00000000E+05,voltage,Node_1,2.00454803E+01,9.29786544E+00
1.00000000E+05,voltage,Node_2,2.00008374E+01,1.09876470E-01
1.00000000E+05,voltage,Node_3,1.99575631E+01,-1.54540258E+00
1.00000000E+05,voltage,Rod_2_n1,1.99989481E+01,-2.68407372E-01
1.00000000E+05,voltage,Rod_2_n2,1.99907246E+01,-6.74483847E-01
1.00000000E+05,voltage,Rod_2_n3,1.99804422E+01,-1.01985406E+00
1.00000000E+05,voltage,Rod_2_n4,1.99703996E+01,-1.28551613E+00
1.00000000E+05,voltage,Rod_2_n5,1.99623556E+01,-1.46246420E+00
1.00000000E+05,voltage,Rod_1_n1,2.00387849E+01,7.92671248E+00
1.00000000E+05,voltage,Rod_1_n2,2.00317035E+01,6.41981804E+00
1.00000000E+05,voltage,Rod_1_n3,2.00243607E+01,4.86853569E+00
1.00000000E+05,voltage,Rod_1_n4,2.00167667E+01,3.29326652E+00
1.00000000E+05,voltage,Rod_1_n5,2.00089250E+01,1.70461959E+00
1.33352143E+05,voltage,Node_1,1.99464559E+01,1.25712948E+01
1.33352143E+05,voltage,Node_2,1.98752966E+01,3.19547273E-01
1.33352143E+05,voltage,Node_3,1.98005437E+01,-1.88640041E+00
1.33352143E+05,voltage,Rod_2_n1,1.98720078E+01,-1.85264753E-01
1.33352143E+05,voltage,Rod_2_n2,1.98578994E+01,-7.26588663E-01
1.33352143E+05,voltage,Rod_2_n3,1.98401244E+01,-1.18680009E+00
1.33352143E+05,voltage,Rod_2_n4,1.98227237E+01,-1.54064094E+00
1.33352143E+05,voltage,Rod_2_n5,1.98087980E+01,-1.77617283E+00
1.33352143E+05,voltage,Rod_1_n1,1.99359151E+01,1.07431454E+01
1.33352143E+05,voltage,Rod_1_n2,1.99246901E+01,8.73387163E+00
1.33352143E+05,voltage,Rod_1_n3,1.99130026E+01,6.66531547E+00
1.33352143E+05,voltage,Rod_1_n4,1.99008707E+01,4.56470310E+00
1.33352143E+05,voltage,Rod_1_n5,1.98883010E+01,2.44620317E+00
1.77827941E+05,voltage,Node_1,1.98622758E+01,1.69634345E+01
1.77827941E+05,voltage,Node_2,1.97452337E+01,6.24090557E-01
1.77827941E+05,voltage,Node_3,1.96151349E+01,-2.31511364E+00
1.77827941E+05,voltage,Rod_2_n1,1.97392625E+01,-4.97654215E-02
1.77827941E+05,voltage,Rod_2_n2,1.97147940E+01,-7.71370436E-01
1.77827941E+05,voltage,Rod_2_n3,1.96838552E+01,-1.38447201E+00
1.77827941E+05,voltage,Rod_2_n4,1.96535565E+01,-1.85554687E+00
1.77827941E+05,voltage,Rod_2_n5,1.96293656E+01,-2.16882431E+00
1.77827941E+05,voltage,Rod_1_n1,1.98451053E+01,1.45258263E+01
1.77827941E+05,voltage,Rod_1_n2,1.98267213E+01,1.18464211E+01
1.77827941E+05,voltage,Rod_1_n3,1.98075182E+01,9.08774493E+00
1.77827941E+05,voltage,Rod_1_n4,1.97875290E+01,6.28615414E+00
1.77827941E+05,voltage,Rod_1_n5,1.97667654E+01,3.46059331E+00
2.37137371E+05,voltage,Node_1,1.98176916E+01,2.28532994E+01
2.37137371E+05,voltage,Node_2,1.96204829E+01,1.05779537E+00
2.37137371E+05,voltage,Node_3,1.93930804E+01,-2.85709221E+00
2.37137371E+05,voltage,Rod_2_n1,1.96094162E+01,1.57935972E-01
2.37137371E+05,voltage,Rod_2_n2,1.95666816E+01,-8.03958162E-01
2.37137371E+05,voltage,Rod_2_n3,1.95126014E+01,-1.62044755E+00
2.37137371E+05,voltage,Rod_2_n4,1.94596954E+01,-2.24714927E+00
2.37137371E+05,voltage,Rod_2_n5,1.94176025E+01,-2.66335248E+00
2.37137371E+05,voltage,Rod_1_n1,1.97889680E+01,1.96027843E+01
2.37137371E+05,voltage,Rod_1_n2,1.97580890E+01,1.60291962E+01
2.37137371E+05,voltage,Rod_1_n3,1.97257573E+01,1.23493794E+01
2.37137371E+05,voltage,Rod_1_n4,1.96920326E+01,8.61193340E+00
2.37137371E+05,voltage,Rod_1_n5,1.96569369E+01,4.84224072E+00
3.16227766E+05,voltage,Node_1,1.98582430E+01,3.07504837E+01
3.16227766E+05,voltage,Node_2,1.95199210E+01,1.66595356E+00
3.16227766E+05,voltage,Node_3,1.91215783E+01,-3.54581920E+00
3.16227766E+05,voltage,Rod_2_n1,1.94992629E+01,4.63599712E-01
3.16227766E+05,voltage,Rod_2_n2,1.94242998E+01,-8.18546867E-01
3.16227766E+05,voltage,Rod_2_n3,1.93295370E+01,-1.90528321E+00
3.16227766E+05,voltage,Rod_2_n4,1.92370305E+01,-2.73809129E+00
3.16227766E+05,voltage,Rod_2_n5,1.91637634E+01,-3.29004725E+00
3.16227766E+05,voltage,Rod_1_n1,1.98092301E+01,2.64154203E+01
3.16227766E+05,voltage,Rod_1_n2,1.97563778E+01,2.16480228E+01
3.16227766E+05,voltage,Rod_1_n3,1.97009393E+01,1.67377237E+01
3.16227766E+05,voltage,Rod_1_n4,1.96430243E+01,1.17496106E+01
3.16227766E+05,voltage,Rod_1_n5,1.95826760E+01,6.71781550E+00
4.21696503E+05,voltage,Node_1,2.00666711E+01,4.13444740E+01
4.21696503E+05,voltage,Node_2,1.94782984E+01,2.50786999E+00
4.21696503E+05,voltage,Node_3,1.87799841E+01,-4.42510540E+00
4.21696503E+05,voltage,Rod_2_n1,1.94397291E+01,8.99878434E-01
4.21696503E+05,voltage,Rod_2_n2,1.93078734E+01,-8.09119998E-01
4.21696503E+05,voltage,Rod_2_n3,1.91416081E+01,-2.25430842E+00
4.21696503E+05,voltage,Rod_2_n4,1.89798036E+01,-3.35907350E+00
4.21696503E+05,voltage,Rod_2_n5,1.88523560E+01,-4.08903749E+00
4.21696503E+05,voltage,Rod_1_n1,1.99818093E+01,3.55617985E+01
4.21696503E+05,voltage,Rod_1_n2,1.98900699E+01,2.91989891E+01
4.21696503E+05,voltage,Rod_1_n3,1.97936926E+01,2.26426421E+01
4.21696503E+05,voltage,Rod_1_n4,1.96928839E+01,1.59802158E+01
4.21696503E+05,voltage,Rod_1_n5,1.95877327E+01,9.25790104E+00
5.62341325E+05,voltage,Node_1,2.05929584E+01,5.55789247E+01
5.62341325E+05,voltage,Node_2,1.95581915E+01,3.66038439E+00
5.62341325E+05,voltage,Node_3,1.83339968E+01,-5.55205915E+00
5.62341325E+05,voltage,Rod_2_n1,1.94863569E+01,1.50666469E+00
5.62341325E+05,voltage,Rod_2_n2,1.92539782E+01,-7.71486703E-01
5.62341325E+05,voltage,Rod_2_n3,1.89620520E+01,-2.69087019E+00
5.62341325E+05,voltage,Rod_2_n4,1.86791069E+01,-4.15240914E+00
5.62341325E+05,voltage,Rod_2_n5,1.84577038E+01,-5.11364403E+00
5.62341325E+05,voltage,Rod_1_n1,2.04443966E+01,4.78624940E+01
5.62341325E+05,voltage,Rod_1_n2,2.02833866E+01,3.93638182E+01
5.62341325E+05,voltage,Rod_1_n3,2.01139457E+01,3.05999330E+01
5.62341325E+05,voltage,Rod_1_n4,1.99364776E+01,2.16890435E+01
5.62341325E+05,voltage,Rod_1_n5,1.97511778E+01,1.26943522E+01
7.49894209E+05,voltage,Node_1,2.17112194E+01,7.47718109E+01
7.49894209E+05,voltage,Node_2,1.98712664E+01,5.22178151E+00
7.49894209E+05,voltage,Node_3,1.77253035E+01,-7.00065336E+00
7.49894209E+05,voltage,Rod_2_n1,1.97377460E+01,2.32962927E+00
7.49894209E+05,voltage,Rod_2_n2,1.93273528E+01,-7.08274623E-01
7.49894209E+05,voltage,Rod_2_n3,1.88144147E+01,-3.25249911E+00
7.49894209E+05,voltage,Rod_2_n4,1.83198225E+01,-5.17775185E+00
7.49894209E+05,voltage,Rod_2_n5,1.79358326E+01,-6.43498372E+00
7.49894209E+05,voltage,Rod_1_n1,2.14487126E+01,6.44685494E+01
7.49894209E+05,voltage,Rod_1_n2,2.11632566E+01,5.31014914E+01
7.49894209E+05,voltage,Rod_1_n3,2.08621053E+01,4.13636893E+01
7.49894209E+05,voltage,Rod_1_n4,2.05460918E+01,2.94165340E+01
7.49894209E+05,voltage,Rod_1_n5,2.02156846E+01,1.73481460E+01
1.00000000E+06,voltage,Node_1,2.39337043E+01,1.00828549E+02
1.00000000E+06,voltage,Node_2,2.06174158E+01,7.31573397E+00
1.00000000E+06,voltage,Node_3,1.68526525E+01,-8.86580987E+00
1.00000000E+06,voltage,Rod_2_n1,2.03689450E+01,3.41415077E+00
1.00000000E+06,voltage,Rod_2_n2,1.96416523E+01,-6.40678100E-01
1.00000000E+06,voltage,Rod_2_n3,1.87388945E+01,-4.00330865E+00
1.00000000E+06,voltage,Rod_2_n4,1.78742151E+01,-6.52202119E+00
1.00000000E+06,voltage,Rod_2_n5,1.72092235E+01,-8.14852327E+00
1.00000000E+06,voltage,Rod_1_n1,2.34654002E+01,8.70559890E+01
1.00000000E+06,voltage,Rod_1_n2,2.29534383E+01,7.18151527E+01
1.00000000E+06,voltage,Rod_1_n3,2.24110709E+01,5.60387762E+01
1.00000000E+06,voltage,Rod_1_n4,2.18401524E+01,3.99510959E+01
1.00000000E+06,voltage,Rod_1_n5,2.12419051E+01,2.36788482E+01
